"datetime","deployment","pm10.avg","wd","ws"
2015-12-04 14:00:00,"T29-4N",153.3124,139.7114,1.371876352
2015-12-04 15:00:00,"T29-4N",30.61281,144.7504,3.233708544
2015-12-04 16:00:00,"T29-4N",10.68436,176.0459,3.037726208
2015-12-04 17:00:00,"T29-4N",17.41001,107.1503,1.371876352
2015-12-04 18:00:00,"T29-4N",30.78321,94.34814,1.567858688
2015-12-04 19:00:00,"T29-4N",7.897685,164.6785,3.723664384
2015-12-04 20:00:00,"T29-4N",38.84681,78.90628,1.861832192
2015-12-04 21:00:00,"T29-4N",22.61616,343.83,1.95982336
2015-12-04 22:00:00,"T29-4N",11.12666,332.5862,4.507593728
2015-12-04 23:00:00,"T29-4N",15.6229,330.3843,2.743752704
2015-12-05 00:00:00,"T29-4N",25.92025,247.4144,1.077902848
2015-12-05 01:00:00,"T29-4N",12.06792,235.3166,0.587947008
2015-12-05 02:00:00,"T29-4N",26.78816,213.5961,0.97991168
2015-12-05 03:00:00,"T29-4N",27.72074,11.05962,0.783929344
2015-12-05 04:00:00,"T29-4N",14.37542,274.9821,1.273885184
2015-12-05 05:00:00,"T29-4N",9.300406,347.1048,1.175894016
2015-12-05 06:00:00,"T29-4N",12.85167,329.5845,2.645761536
2015-12-05 07:00:00,"T29-4N",9.559135,336.4982,1.175894016
2015-12-05 08:00:00,"T29-4N",23.36963,82.34142,0.97991168
2015-12-05 09:00:00,"T29-4N",35.30225,78.59203,1.46986752
2015-12-05 10:00:00,"T29-4N",8.02338,92.57964,1.077902848
2015-12-05 11:00:00,"T29-4N",9.921692,100.5314,1.273885184
2015-12-05 12:00:00,"T29-4N",10.18257,96.46557,2.057814528
2015-12-05 13:00:00,"T29-4N",16.83142,126.3458,0.97991168
2015-12-05 14:00:00,"T29-4N",10.21942,141.2914,1.371876352
2015-12-05 15:00:00,"T29-4N",5.709184,122.8955,0.783929344
2015-12-05 16:00:00,"T29-4N",4.677408,122.4296,1.273885184
2015-12-05 17:00:00,"T29-4N",43.01503,169.2233,1.763841024
2015-12-05 18:00:00,"T29-4N",46.3801,135.0648,1.175894016
2015-12-05 19:00:00,"T29-4N",44.16533,154.7458,2.743752704
2015-12-05 20:00:00,"T29-4N",17.04776,145.4136,2.93973504
2015-12-05 21:00:00,"T29-4N",25.99129,169.2298,1.95982336
2015-12-05 22:00:00,"T29-4N",11.5208,263.0188,2.155805696
2015-12-05 23:00:00,"T29-4N",29.59348,22.03906,1.763841024
2015-12-06 00:00:00,"T29-4N",21.77061,297.6649,2.155805696
2015-12-06 01:00:00,"T29-4N",10.39819,323.8954,3.233708544
2015-12-06 02:00:00,"T29-4N",17.31076,354.0575,4.40960256
2015-12-06 03:00:00,"T29-4N",12.59975,236.3482,1.763841024
2015-12-06 04:00:00,"T29-4N",18.12778,223.3879,0.48995584
2015-12-06 05:00:00,"T29-4N",6.101477,345.4555,2.743752704
2015-12-06 06:00:00,"T29-4N",9.478357,301.4533,2.547770368
2015-12-06 07:00:00,"T29-4N",8.649215,352.7419,1.763841024
2015-12-06 08:00:00,"T29-4N",15.23133,336.3616,1.567858688
2015-12-06 09:00:00,"T29-4N",19.45636,87.90699,1.567858688
2015-12-06 10:00:00,"T29-4N",25.63896,123.795,1.95982336
2015-12-06 11:00:00,"T29-4N",20.5911,126.0793,0.587947008
2015-12-06 12:00:00,"T29-4N",25.52908,142.1735,2.351788032
2015-12-06 13:00:00,"T29-4N",8.817952,163.9785,3.91964672
2015-12-06 14:00:00,"T29-4N",14.77014,288.493,1.175894016
2015-12-06 15:00:00,"T29-4N",20.10475,80.52957,1.763841024
2015-12-06 16:00:00,"T29-4N",50.92232,165.2355,3.135717376
2015-12-06 17:00:00,"T29-4N",9.107539,162.9317,0.881920512
2015-12-06 18:00:00,"T29-4N",39.86607,324.9357,2.4497792
2015-12-06 19:00:00,"T29-4N",14.3125,350.6158,1.567858688
2015-12-06 20:00:00,"T29-4N",20.14262,311.9321,1.371876352
2015-12-06 21:00:00,"T29-4N",26.04362,285.5801,1.175894016
2015-12-06 22:00:00,"T29-4N",10.57552,28.17679,0.783929344
2015-12-06 23:00:00,"T29-4N",28.06429,93.80632,1.665849856
2015-12-07 00:00:00,"T29-4N",29.35237,344.6082,2.057814528
2015-12-07 01:00:00,"T29-4N",14.70262,337.0291,1.46986752
2015-12-07 02:00:00,"T29-4N",27.79864,177.6822,2.547770368
2015-12-07 03:00:00,"T29-4N",14.14435,323.7437,0.685938176
2015-12-07 04:00:00,"T29-4N",7.457725,344.4955,1.665849856
2015-12-07 05:00:00,"T29-4N",10.53869,322.8118,2.057814528
2015-12-07 06:00:00,"T29-4N",12.85876,0.357601,2.547770368
2015-12-07 07:00:00,"T29-4N",32.11581,213.8085,2.253796864
2015-12-07 08:00:00,"T29-4N",12.91471,145.6953,0.587947008
2015-12-07 09:00:00,"T29-4N",31.20024,63.77868,1.273885184
2015-12-07 10:00:00,"T29-4N",20.86205,324.3679,1.763841024
2015-12-07 11:00:00,"T29-4N",33.72543,150.9163,3.91964672
2015-12-07 12:00:00,"T29-4N",8.674564,140.8406,1.763841024
2015-12-07 13:00:00,"T29-4N",21.30875,90.96935,1.371876352
2015-12-07 14:00:00,"T29-4N",16.66213,163.9785,2.645761536
2015-12-07 15:00:00,"T29-4N",11.07635,122.8674,1.46986752
2015-12-07 16:00:00,"T29-4N",43.83716,15.0084,1.371876352
2015-12-07 17:00:00,"T29-4N",53.50169,191.4314,0.097991168
2015-12-07 18:00:00,"T29-4N",16.72701,164.2667,0.587947008
2015-12-07 19:00:00,"T29-4N",59.85474,334.3266,2.253796864
2015-12-07 20:00:00,"T29-4N",75.08595,314.5588,1.175894016
2015-12-07 21:00:00,"T29-4N",48.67252,215.3928,1.371876352
2015-12-07 22:00:00,"T29-4N",26.89381,59.01283,2.645761536
2015-12-07 23:00:00,"T29-4N",19.54358,317.5345,2.743752704
2015-12-08 00:00:00,"T29-4N",23.82198,77.54739,3.331699712
2015-12-08 01:00:00,"T29-4N",16.33532,35.34615,0.783929344
2015-12-08 02:00:00,"T29-4N",14.26701,95.90425,0.195982336
2015-12-08 03:00:00,"T29-4N",52.98526,305.181,2.547770368
2015-12-08 04:00:00,"T29-4N",34.40104,233.3986,1.763841024
2015-12-08 05:00:00,"T29-4N",16.15577,266.8375,0.97991168
2015-12-08 06:00:00,"T29-4N",13.9693,341.355,3.135717376
2015-12-08 07:00:00,"T29-4N",14.91893,182.1056,1.763841024
2015-12-08 08:00:00,"T29-4N",25.45792,5.862489,1.567858688
2015-12-08 09:00:00,"T29-4N",31.94196,57.1208,1.95982336
2015-12-08 10:00:00,"T29-4N",44.93768,128.1837,2.057814528
2015-12-08 11:00:00,"T29-4N",10.38768,47.3442,1.175894016
2015-12-08 12:00:00,"T29-4N",19.70292,130.6522,1.763841024
2015-12-08 13:00:00,"T29-4N",11.3225,83.40555,0.48995584
2015-12-08 14:00:00,"T29-4N",15.53736,57.7103,0.48995584
2015-12-08 15:00:00,"T29-4N",52.75942,122.9996,2.547770368
2015-12-08 16:00:00,"T29-4N",24.19415,158.2113,1.763841024
2015-12-08 17:00:00,"T29-4N",61.64521,88.7804,1.95982336
2015-12-08 18:00:00,"T29-4N",57.61784,107.9066,1.567858688
2015-12-08 19:00:00,"T29-4N",21.72625,345.3797,1.763841024
2015-12-08 20:00:00,"T29-4N",26.66578,321.5374,2.4497792
2015-12-08 21:00:00,"T29-4N",32.40462,333.1194,0.293973504
2015-12-08 22:00:00,"T29-4N",28.38313,318.9345,2.253796864
2015-12-08 23:00:00,"T29-4N",20.1454,207.5603,1.175894016
2015-12-09 00:00:00,"T29-4N",33.93806,311.1887,1.175894016
2015-12-09 01:00:00,"T29-4N",27.92542,29.77191,2.057814528
2015-12-09 02:00:00,"T29-4N",29.37011,135.7887,3.135717376
2015-12-09 03:00:00,"T29-4N",20.74493,50.11398,0.881920512
2015-12-09 04:00:00,"T29-4N",28.57576,173.3303,0.195982336
2015-12-09 05:00:00,"T29-4N",4.795322,347.1807,1.861832192
2015-12-09 06:00:00,"T29-4N",28.09446,67.24849,0
2015-12-09 07:00:00,"T29-4N",17.81801,4.154673,1.175894016
2015-12-09 08:00:00,"T29-4N",14.31549,28.60808,2.155805696
2015-12-09 09:00:00,"T29-4N",17.95007,140.1666,0.881920512
2015-12-09 10:00:00,"T29-4N",26.7374,86.19917,1.763841024
2015-12-09 11:00:00,"T29-4N",17.66957,77.82697,2.057814528
2015-12-09 12:00:00,"T29-4N",19.40932,105.6267,2.057814528
2015-12-09 13:00:00,"T29-4N",23.62183,154.3666,2.351788032
2015-12-09 14:00:00,"T29-4N",8.818411,135.1298,2.253796864
2015-12-09 15:00:00,"T29-4N",19.65105,80.75281,1.567858688
2015-12-09 16:00:00,"T29-4N",44.00025,144.8544,2.155805696
2015-12-09 17:00:00,"T29-4N",79.0696,328.1715,0.48995584
2015-12-09 18:00:00,"T29-4N",20.81468,20.86656,2.057814528
2015-12-09 19:00:00,"T29-4N",62.62231,254.6834,2.645761536
2015-12-09 20:00:00,"T29-4N",29.55435,306.1324,1.273885184
2015-12-09 21:00:00,"T29-4N",13.11806,85.46446,0.783929344
2015-12-09 22:00:00,"T29-4N",21.16353,304.1559,1.273885184
2015-12-09 23:00:00,"T29-4N",9.083904,332.389,0.783929344
2015-12-10 00:00:00,"T29-4N",22.39007,106.5261,3.42969088
2015-12-10 01:00:00,"T29-4N",21.12746,308.1718,3.42969088
2015-12-10 02:00:00,"T29-4N",9.050816,308.5294,1.371876352
2015-12-10 03:00:00,"T29-4N",32.97241,143.1943,1.861832192
2015-12-10 04:00:00,"T29-4N",21.07187,125.0433,1.273885184
2015-12-10 05:00:00,"T29-4N",14.82808,243.7105,1.861832192
2015-12-10 06:00:00,"T29-4N",12.38013,7.663497,1.763841024
2015-12-10 07:00:00,"T29-4N",12.54016,304.9209,3.723664384
2015-12-10 08:00:00,"T29-4N",26.77372,26.27175,3.233708544
2015-12-10 09:00:00,"T29-4N",17.60917,316.5354,1.567858688
2015-12-10 10:00:00,"T29-4N",41.04933,164.5571,2.93973504
2015-12-10 11:00:00,"T29-4N",263.2486,247.0806,13.22880768
2015-12-10 12:00:00,"T29-4N",112.4954,245.3858,16.070551552
2015-12-10 13:00:00,"T29-4N",139.6333,227.5664,15.18863104
2015-12-10 14:00:00,"T29-4N",52.34278,216.4114,14.012737024
2015-12-10 15:00:00,"T29-4N",34.41163,215.0786,14.992648704
2015-12-10 16:00:00,"T29-4N",26.61529,202.3241,11.26898432
2015-12-10 17:00:00,"T29-4N",15.7731,193.2085,9.897107968
2015-12-10 18:00:00,"T29-4N",3.208304,207.5321,9.113178624
2015-12-10 19:00:00,"T29-4N",47.31813,232.8459,11.75894016
2015-12-10 20:00:00,"T29-4N",22.79631,201.9817,17.1484544
2015-12-10 21:00:00,"T29-4N",11.27217,210.7223,14.404701696
2015-12-10 22:00:00,"T29-4N",3.286502,233.3704,8.525231616
2015-12-10 23:00:00,"T29-4N",36.20658,284.4336,5.38951424
2015-12-11 00:00:00,"T29-4N",11.55891,311.8151,4.017637888
2015-12-11 01:00:00,"T29-4N",13.1495,337.5818,4.605584896
2015-12-11 02:00:00,"T29-4N",42.79195,87.97634,3.233708544
2015-12-11 03:00:00,"T29-4N",36.34121,91.54151,3.42969088
2015-12-11 04:00:00,"T29-4N",37.1435,41.56624,2.547770368
2015-12-11 05:00:00,"T29-4N",12.61841,92.72484,6.85938176
2015-12-11 06:00:00,"T29-4N",29.28776,117.3668,5.781478912
2015-12-11 07:00:00,"T29-4N",11.9716,130.9578,1.273885184
2015-12-11 08:00:00,"T29-4N",9.097008,350.1303,6.85938176
2015-12-11 09:00:00,"T29-4N",59.00705,319.886,10.485054976
2015-12-11 10:00:00,"T29-4N",22.52787,307.6257,2.547770368
2015-12-11 11:00:00,"T29-4N",2.777225,289.3685,0.293973504
2015-12-11 12:00:00,"T29-4N",21.5577,112.4146,1.273885184
2015-12-11 13:00:00,"T29-4N",6.852198,232.0592,2.841743872
2015-12-11 14:00:00,"T29-4N",6.374806,331.3943,5.781478912
2015-12-11 15:00:00,"T29-4N",1.388441,321.583,10.975010816
2015-12-11 16:00:00,"T29-4N",39.67609,314.2814,8.32924928
2015-12-11 17:00:00,"T29-4N",10.77826,313.7786,11.26898432
2015-12-11 18:00:00,"T29-4N",9.802719,1.881198,4.605584896
2015-12-11 19:00:00,"T29-4N",6.530278,1.163828,2.93973504
2015-12-11 20:00:00,"T29-4N",4.37425,327.5993,7.055364096
2015-12-11 21:00:00,"T29-4N",4.478101,353.4506,6.85938176
2015-12-11 22:00:00,"T29-4N",5.285078,354.3934,6.467417088
2015-12-11 23:00:00,"T29-4N",4.223005,335.4644,7.937284608
2015-12-12 00:00:00,"T29-4N",4.180456,349.983,5.781478912
2015-12-12 01:00:00,"T29-4N",3.312096,341.4439,9.015187456
2015-12-12 02:00:00,"T29-4N",4.138076,337.649,5.585496576
2015-12-12 03:00:00,"T29-4N",4.318865,345.2735,6.761390592
2015-12-12 04:00:00,"T29-4N",3.652728,352.1806,5.977461248
2015-12-12 05:00:00,"T29-4N",9.462494,344.3047,5.977461248
2015-12-12 06:00:00,"T29-4N",5.770835,337.9264,6.467417088
2015-12-12 07:00:00,"T29-4N",5.835744,11.87018,4.8995584
2015-12-12 08:00:00,"T29-4N",5.514544,336.2771,9.7991168
2015-12-12 09:00:00,"T29-4N",10.80346,335.1501,10.093090304
2015-12-12 10:00:00,"T29-4N",8.464278,333.399,12.248896
2015-12-12 11:00:00,"T29-4N",11.74777,342.1093,8.32924928
2015-12-12 12:00:00,"T29-4N",7.480558,340.8523,6.957372928
2015-12-12 13:00:00,"T29-4N",5.692111,307.1142,6.663399424
2015-12-12 14:00:00,"T29-4N",4.823662,323.8543,6.075452416
2015-12-12 15:00:00,"T29-4N",3.779212,332.3847,5.683487744
2015-12-12 16:00:00,"T29-4N",7.097211,322.4239,3.037726208
2015-12-12 17:00:00,"T29-4N",5.197989,303.224,1.861832192
2015-12-12 18:00:00,"T29-4N",6.415461,203.4143,2.057814528
2015-12-12 19:00:00,"T29-4N",6.787282,116.8445,2.547770368
2015-12-12 20:00:00,"T29-4N",5.668228,159.2646,1.95982336
2015-12-12 21:00:00,"T29-4N",6.654029,18.78814,1.567858688
2015-12-12 22:00:00,"T29-4N",4.460571,13.88792,0.783929344
2015-12-12 23:00:00,"T29-4N",4.237318,234.5191,0.881920512
2015-12-13 00:00:00,"T29-4N",4.455277,259.0266,0.685938176
2015-12-13 01:00:00,"T29-4N",4.310883,318.0265,1.371876352
2015-12-13 02:00:00,"T29-4N",4.920174,350.0523,1.95982336
2015-12-13 03:00:00,"T29-4N",4.380288,343.3771,1.46986752
2015-12-13 04:00:00,"T29-4N",2.447056,331.3032,3.527682048
2015-12-13 05:00:00,"T29-4N",3.019534,318.4968,2.253796864
2015-12-13 06:00:00,"T29-4N",4.449039,15.05175,3.037726208
2015-12-13 07:00:00,"T29-4N",2.82594,251.2158,2.547770368
2015-12-13 08:00:00,"T29-4N",4.612187,14.13499,1.665849856
2015-12-13 09:00:00,"T29-4N",4.486839,50.40657,1.077902848
2015-12-13 10:00:00,"T29-4N",8.788301,171.8413,1.665849856
2015-12-13 11:00:00,"T29-4N",4.482982,76.66315,0.685938176
2015-12-13 12:00:00,"T29-4N",2.091161,164.0933,1.665849856
2015-12-13 13:00:00,"T29-4N",2.249366,111.5477,3.233708544
2015-12-13 14:00:00,"T29-4N",17.829,234.4844,13.032825344
2015-12-13 15:00:00,"T29-4N",71.33902,213.0977,10.28907264
2015-12-13 16:00:00,"T29-4N",7.077289,193.3776,7.83929344
2015-12-13 17:00:00,"T29-4N",5.110487,222.5535,7.83929344
2015-12-13 18:00:00,"T29-4N",10.11386,300.8096,5.87947008
2015-12-13 19:00:00,"T29-4N",6.006737,329.2681,1.665849856
2015-12-13 20:00:00,"T29-4N",5.452398,294.1864,4.997549568
2015-12-13 21:00:00,"T29-4N",6.320226,298.3736,7.545319936
2015-12-13 22:00:00,"T29-4N",5.999728,305.5473,4.801567232
2015-12-13 23:00:00,"T29-4N",6.074594,132.4901,1.861832192
2015-12-14 00:00:00,"T29-4N",4.529164,306.9582,6.173443584
2015-12-14 01:00:00,"T29-4N",5.734664,280.6907,7.3493376
2015-12-14 02:00:00,"T29-4N",5.34071,311.6525,6.957372928
2015-12-14 03:00:00,"T29-4N",6.638224,306.4576,7.937284608
2015-12-14 04:00:00,"T29-4N",6.157056,294.0347,12.444878336
2015-12-14 05:00:00,"T29-4N",6.61096,291.9498,8.035275776
2015-12-14 06:00:00,"T29-4N",5.207032,295.8509,8.32924928
2015-12-14 07:00:00,"T29-4N",7.150257,320.0811,7.3493376
2015-12-14 08:00:00,"T29-4N",4.830154,325.7506,8.133266944
2015-12-14 09:00:00,"T29-4N",7.836114,292.0408,11.856931328
2015-12-14 10:00:00,"T29-4N",10.21949,315.5189,13.032825344
2015-12-14 11:00:00,"T29-4N",14.22128,288.1765,12.150904832
2015-12-14 12:00:00,"T29-4N",30.22645,311.4575,12.542869504
2015-12-14 13:00:00,"T29-4N",27.52056,314.1167,11.464966656
2015-12-14 14:00:00,"T29-4N",16.13985,304.3574,12.248896
2015-12-14 15:00:00,"T29-4N",8.469078,305.3219,10.191081472
2015-12-14 16:00:00,"T29-4N",9.351048,300.6492,10.191081472
2015-12-14 17:00:00,"T29-4N",14.15037,338.958,5.585496576
2015-12-14 18:00:00,"T29-4N",21.84557,331.5416,7.643311104
2015-12-14 19:00:00,"T29-4N",11.16969,334.1792,5.291523072
2015-12-14 20:00:00,"T29-4N",9.076199,339.7231,7.055364096
2015-12-14 21:00:00,"T29-4N",8.514955,333.1909,6.85938176
2015-12-14 22:00:00,"T29-4N",5.84264,329.6972,7.937284608
2015-12-14 23:00:00,"T29-4N",5.875564,320.417,6.36942592
2015-12-15 00:00:00,"T29-4N",5.821568,326.8191,8.32924928
2015-12-15 01:00:00,"T29-4N",4.779534,329.0731,9.113178624
2015-12-15 02:00:00,"T29-4N",7.717936,321.4161,8.721213952
2015-12-15 03:00:00,"T29-4N",5.902853,338.141,8.525231616
2015-12-15 04:00:00,"T29-4N",6.522105,342.2632,11.26898432
2015-12-15 05:00:00,"T29-4N",8.551877,330.4514,9.30916096
2015-12-15 06:00:00,"T29-4N",8.776204,339.1769,11.660948992
2015-12-15 07:00:00,"T29-4N",8.098961,332.8485,9.603134464
2015-12-15 08:00:00,"T29-4N",8.214482,334.0622,7.153355264
2015-12-15 09:00:00,"T29-4N",16.17268,314.4244,15.67858688
2015-12-15 10:00:00,"T29-4N",79.22081,323.4555,19.010286592
2015-12-15 11:00:00,"T29-4N",208.6046,327.582,15.874569216
2015-12-15 12:00:00,"T29-4N",86.50833,321.4247,10.28907264
2015-12-15 13:00:00,"T29-4N",24.73873,326.3076,10.191081472
2015-12-15 14:00:00,"T29-4N",11.74291,335.1826,11.170993152
2015-12-15 15:00:00,"T29-4N",11.11929,320.7529,11.954922496
2015-12-15 16:00:00,"T29-4N",11.37248,323.4988,10.191081472
2015-12-15 17:00:00,"T29-4N",10.59383,338.6264,6.36942592
2015-12-15 18:00:00,"T29-4N",8.350396,322.996,9.113178624
2015-12-15 19:00:00,"T29-4N",8.879118,342.8136,11.26898432
2015-12-15 20:00:00,"T29-4N",8.190805,341.3572,9.7991168
2015-12-15 21:00:00,"T29-4N",6.030181,334.578,11.26898432
2015-12-15 22:00:00,"T29-4N",6.260675,323.1239,12.346887168
2015-12-15 23:00:00,"T29-4N",7.528028,309.0799,6.957372928
2015-12-16 00:00:00,"T29-4N",5.85456,334.4306,9.505143296
2015-12-16 01:00:00,"T29-4N",6.36152,354.4888,4.801567232
2015-12-16 02:00:00,"T29-4N",5.180038,332.0119,8.32924928
2015-12-16 03:00:00,"T29-4N",6.423435,54.28599,4.40960256
2015-12-16 04:00:00,"T29-4N",8.161603,59.55465,2.155805696
2015-12-16 05:00:00,"T29-4N",7.994371,107.0375,3.233708544
2015-12-16 06:00:00,"T29-4N",6.197251,187.2724,2.93973504
2015-12-16 07:00:00,"T29-4N",7.360097,353.8321,0
2015-12-16 08:00:00,"T29-4N",11.21989,0.08235657,2.057814528
2015-12-16 09:00:00,"T29-4N",27.67897,157.8321,0.783929344
2015-12-16 10:00:00,"T29-4N",12.66988,130.9925,1.371876352
2015-12-16 11:00:00,"T29-4N",4.98986,56.58331,0.97991168
2015-12-16 12:00:00,"T29-4N",4.480265,114.3781,0.685938176
2015-12-16 13:00:00,"T29-4N",22.79158,142.0586,1.763841024
2015-12-16 14:00:00,"T29-4N",20.16191,170.528,2.841743872
2015-12-16 15:00:00,"T29-4N",6.168295,79.37875,1.371876352
2015-12-16 16:00:00,"T29-4N",8.158238,112.8307,2.841743872
2015-12-16 17:00:00,"T29-4N",9.13096,83.27551,1.763841024
2015-12-16 18:00:00,"T29-4N",7.528446,275.9661,2.351788032
2015-12-16 19:00:00,"T29-4N",9.816227,28.93967,1.273885184
2015-12-16 20:00:00,"T29-4N",10.64713,176.1542,0.783929344
2015-12-16 21:00:00,"T29-4N",9.774677,0.02817461,0.685938176
2015-12-16 22:00:00,"T29-4N",8.463721,350.6765,1.077902848
2015-12-16 23:00:00,"T29-4N",9.212873,342.1201,2.4497792
2015-12-17 00:00:00,"T29-4N",6.182151,307.6105,0.391964672
2015-12-17 01:00:00,"T29-4N",6.946251,352.3106,2.253796864
2015-12-17 02:00:00,"T29-4N",7.757455,267.6134,0
2015-12-17 03:00:00,"T29-4N",8.288775,337.5992,0.97991168
2015-12-17 04:00:00,"T29-4N",11.35456,322.6493,1.371876352
2015-12-17 05:00:00,"T29-4N",9.569107,315.5168,1.46986752
2015-12-17 06:00:00,"T29-4N",10.41386,326.3206,0.97991168
2015-12-17 07:00:00,"T29-4N",11.78634,284.2971,1.175894016
2015-12-17 08:00:00,"T29-4N",14.53092,300.9721,0.195982336
2015-12-17 09:00:00,"T29-4N",13.97711,25.13176,1.175894016
2015-12-17 10:00:00,"T29-4N",12.10559,132.4922,1.371876352
2015-12-17 11:00:00,"T29-4N",8.631216,67.94635,0.391964672
2015-12-17 12:00:00,"T29-4N",6.531081,124.9674,1.95982336
2015-12-17 13:00:00,"T29-4N",6.938012,209.7622,0
2015-12-17 14:00:00,"T29-4N",5.970231,103.6176,1.46986752
2015-12-17 15:00:00,"T29-4N",7.568166,103.9709,0.587947008
2015-12-17 16:00:00,"T29-4N",7.352005,210.5403,0.587947008
2015-12-17 17:00:00,"T29-4N",8.090877,84.1641,2.93973504
2015-12-17 18:00:00,"T29-4N",22.05007,149.7243,1.175894016
2015-12-17 19:00:00,"T29-4N",18.20707,50.72733,0.587947008
2015-12-17 20:00:00,"T29-4N",19.67098,54.25782,1.861832192
2015-12-17 21:00:00,"T29-4N",15.35179,330.5013,2.253796864
2015-12-17 22:00:00,"T29-4N",10.69888,39.02402,1.175894016
2015-12-17 23:00:00,"T29-4N",13.52596,235.2321,1.273885184
2015-12-18 00:00:00,"T29-4N",9.287835,238.1016,2.253796864
2015-12-18 01:00:00,"T29-4N",9.779875,270.9705,1.46986752
2015-12-18 02:00:00,"T29-4N",7.98841,322.5799,2.057814528
2015-12-18 03:00:00,"T29-4N",7.972289,288.5493,1.175894016
2015-12-18 04:00:00,"T29-4N",7.609588,340.9584,2.351788032
2015-12-18 05:00:00,"T29-4N",8.248948,318.8955,1.371876352
2015-12-18 06:00:00,"T29-4N",10.08153,4.811358,0.881920512
2015-12-18 07:00:00,"T29-4N",11.11263,16.42581,2.841743872
2015-12-18 08:00:00,"T29-4N",9.406379,93.61993,0.48995584
2015-12-18 09:00:00,"T29-4N",12.68168,306.7653,0
2015-12-18 10:00:00,"T29-4N",11.69749,114.7249,1.273885184
2015-12-18 11:00:00,"T29-4N",9.156369,133.7059,1.567858688
2015-12-18 12:00:00,"T29-4N",8.660952,67.28967,0.97991168
2015-12-18 13:00:00,"T29-4N",11.64665,137.2473,1.763841024
2015-12-18 14:00:00,"T29-4N",5.194648,78.6462,1.567858688
2015-12-18 15:00:00,"T29-4N",5.480066,93.96886,0.685938176
2015-12-18 16:00:00,"T29-4N",6.18793,120.6502,2.057814528
2015-12-18 17:00:00,"T29-4N",10.19408,119.2047,2.057814528
2015-12-18 18:00:00,"T29-4N",9.273424,122.2844,1.665849856
2015-12-18 19:00:00,"T29-4N",7.171984,130.9578,2.253796864
2015-12-18 20:00:00,"T29-4N",6.585082,78.66355,1.665849856
2015-12-18 21:00:00,"T29-4N",6.007712,190.9611,0.48995584
2015-12-18 22:00:00,"T29-4N",6.577526,290.5844,1.861832192
2015-12-18 23:00:00,"T29-4N",7.195672,28.34584,1.95982336
2015-12-19 00:00:00,"T29-4N",5.411685,1.84002,1.763841024
2015-12-19 01:00:00,"T29-4N",7.232829,194.1643,0.783929344
2015-12-19 02:00:00,"T29-4N",15.74709,318.2042,2.351788032
2015-12-19 03:00:00,"T29-4N",11.41992,334.9334,2.743752704
2015-12-19 04:00:00,"T29-4N",7.223825,308.0049,2.743752704
2015-12-19 05:00:00,"T29-4N",7.203987,334.9096,3.233708544
2015-12-19 06:00:00,"T29-4N",9.843875,333.607,3.723664384
2015-12-19 07:00:00,"T29-4N",9.007031,336.2446,3.527682048
2015-12-19 08:00:00,"T29-4N",9.777101,345.7091,2.841743872
2015-12-19 09:00:00,"T29-4N",18.4415,0.676191,2.057814528
2015-12-19 10:00:00,"T29-4N",20.59711,300.8789,1.861832192
2015-12-19 11:00:00,"T29-4N",40.31868,290.0989,3.233708544
2015-12-19 12:00:00,"T29-4N",49.79387,3.079703,4.213620224
2015-12-19 13:00:00,"T29-4N",41.95263,333.3492,5.095540736
2015-12-19 14:00:00,"T29-4N",37.05402,86.13198,1.371876352
2015-12-19 15:00:00,"T29-4N",84.6343,169.9732,9.505143296
2015-12-19 16:00:00,"T29-4N",67.87445,137.9343,9.897107968
2015-12-19 17:00:00,"T29-4N",11.00653,176.644,8.035275776
2015-12-19 18:00:00,"T29-4N",12.0351,172.3745,4.8995584
2015-12-19 19:00:00,"T29-4N",9.413038,195.3542,3.037726208
2015-12-19 20:00:00,"T29-4N",10.94895,0.08452386,5.585496576
2015-12-19 21:00:00,"T29-4N",14.54927,185.0249,2.547770368
2015-12-19 22:00:00,"T29-4N",18.06737,204.7883,1.371876352
2015-12-19 23:00:00,"T29-4N",14.38277,280.4307,0.881920512
2015-12-20 00:00:00,"T29-4N",14.35577,198.6874,0.587947008
2015-12-20 01:00:00,"T29-4N",14.79547,301.7935,2.253796864
2015-12-20 02:00:00,"T29-4N",13.53945,271.8764,0
2015-12-20 03:00:00,"T29-4N",11.77147,2.743775,0.391964672
2015-12-20 04:00:00,"T29-4N",11.33293,339.8661,0.97991168
2015-12-20 05:00:00,"T29-4N",10.95202,299.0433,1.567858688
2015-12-20 06:00:00,"T29-4N",11.58018,184.5329,1.567858688
2015-12-20 07:00:00,"T29-4N",11.11027,327.7879,1.763841024
2015-12-20 08:00:00,"T29-4N",11.12865,237.9542,0.48995584
2015-12-20 09:00:00,"T29-4N",10.88795,90.75045,0.48995584
2015-12-20 10:00:00,"T29-4N",13.26992,68.7309,0.48995584
2015-12-20 11:00:00,"T29-4N",9.478459,125.9883,1.077902848
2015-12-20 12:00:00,"T29-4N",9.795263,206.7497,0.587947008
2015-12-20 13:00:00,"T29-4N",10.32279,144.1977,1.175894016
2015-12-20 14:00:00,"T29-4N",7.517199,177.7602,3.135717376
2015-12-20 15:00:00,"T29-4N",5.520905,93.18648,1.763841024
2015-12-20 16:00:00,"T29-4N",8.218028,106.2898,2.253796864
2015-12-20 17:00:00,"T29-4N",7.549505,139.9368,1.371876352
2015-12-20 18:00:00,"T29-4N",8.091586,140.1514,2.155805696
2015-12-20 19:00:00,"T29-4N",6.853835,155.2422,2.253796864
2015-12-20 20:00:00,"T29-4N",8.230501,27.46592,0.783929344
2015-12-20 21:00:00,"T29-4N",8.300955,257.2169,1.567858688
2015-12-20 22:00:00,"T29-4N",6.830366,300.6427,1.861832192
2015-12-20 23:00:00,"T29-4N",5.703858,276.9825,2.4497792
2015-12-21 00:00:00,"T29-4N",7.656135,92.35857,1.371876352
2015-12-21 01:00:00,"T29-4N",5.536888,309.845,1.371876352
2015-12-21 02:00:00,"T29-4N",7.855785,324.1555,1.46986752
2015-12-21 03:00:00,"T29-4N",5.489691,188.161,2.743752704
2015-12-21 04:00:00,"T29-4N",6.986557,23.92242,2.351788032
2015-12-21 05:00:00,"T29-4N",6.241069,263.385,0.881920512
2015-12-21 06:00:00,"T29-4N",6.245047,63.93039,1.861832192
2015-12-21 07:00:00,"T29-4N",8.426854,316.0499,0.783929344
2015-12-21 08:00:00,"T29-4N",6.306593,290.5237,3.037726208
2015-12-21 09:00:00,"T29-4N",9.061918,101.0949,0.195982336
2015-12-21 10:00:00,"T29-4N",8.039701,173.4451,0.48995584
2015-12-21 11:00:00,"T29-4N",5.938002,113.8927,2.93973504
2015-12-21 12:00:00,"T29-4N",4.830457,243.264,2.351788032
2015-12-21 13:00:00,"T29-4N",4.59232,78.58985,1.567858688
2015-12-21 14:00:00,"T29-4N",5.780672,296.2107,2.4497792
2015-12-21 15:00:00,"T29-4N",6.454391,323.1087,2.057814528
2015-12-21 16:00:00,"T29-4N",7.307124,338.685,0.48995584
2015-12-21 17:00:00,"T29-4N",6.432857,13.61268,1.567858688
2015-12-21 18:00:00,"T29-4N",6.207489,335.3018,3.331699712
2015-12-21 19:00:00,"T29-4N",6.573234,78.00686,2.253796864
2015-12-21 20:00:00,"T29-4N",6.836492,43.87005,2.155805696
2015-12-21 21:00:00,"T29-4N",6.441951,269.2172,2.743752704
2015-12-21 22:00:00,"T29-4N",7.494066,319.964,4.115629056
2015-12-21 23:00:00,"T29-4N",7.537338,142.5766,1.077902848
2015-12-22 00:00:00,"T29-4N",5.244549,236.552,2.4497792
2015-12-22 01:00:00,"T29-4N",4.846504,0.06285107,4.605584896
2015-12-22 02:00:00,"T29-4N",6.194162,125.4703,1.077902848
2015-12-22 03:00:00,"T29-4N",5.296688,13.07519,3.233708544
2015-12-22 04:00:00,"T29-4N",6.848884,279.9366,2.253796864
2015-12-22 05:00:00,"T29-4N",7.709607,127.3775,4.507593728
2015-12-22 06:00:00,"T29-4N",8.211985,8.142467,4.017637888
2015-12-22 07:00:00,"T29-4N",10.79765,250.5331,3.42969088
2015-12-22 08:00:00,"T29-4N",10.64074,197.3004,3.42969088
2015-12-22 09:00:00,"T29-4N",9.920039,148.6363,0.587947008
2015-12-22 10:00:00,"T29-4N",8.88635,347.586,2.93973504
2015-12-22 11:00:00,"T29-4N",8.400236,131.2699,1.371876352
2015-12-22 12:00:00,"T29-4N",6.22509,125.4204,2.4497792
2015-12-22 13:00:00,"T29-4N",6.454308,75.78973,1.371876352
2015-12-22 14:00:00,"T29-4N",16.67657,130.1646,1.46986752
2015-12-22 15:00:00,"T29-4N",5.386188,124.9761,6.36942592
2015-12-22 16:00:00,"T29-4N",7.366291,40.83369,0.685938176
2015-12-22 17:00:00,"T29-4N",18.84563,257.1888,5.38951424
2015-12-22 18:00:00,"T29-4N",34.63646,318.9757,7.83929344
2015-12-22 19:00:00,"T29-4N",23.21964,327.0619,7.83929344
2015-12-22 20:00:00,"T29-4N",27.04962,38.96767,2.4497792
2015-12-22 21:00:00,"T29-4N",17.73742,71.35548,4.311611392
2015-12-22 22:00:00,"T29-4N",15.48927,148.9896,1.861832192
2015-12-22 23:00:00,"T29-4N",16.51803,175.257,1.861832192
2015-12-23 00:00:00,"T29-4N",15.11614,228.3748,2.841743872
2015-12-23 01:00:00,"T29-4N",13.60545,119.8115,1.665849856
2015-12-23 02:00:00,"T29-4N",11.27211,74.1426,2.351788032
2015-12-23 03:00:00,"T29-4N",12.86311,146.9935,1.665849856
2015-12-23 04:00:00,"T29-4N",10.93626,17.65248,1.46986752
2015-12-23 05:00:00,"T29-4N",11.26639,40.29621,2.645761536
2015-12-23 06:00:00,"T29-4N",10.74419,72.16604,3.527682048
2015-12-23 07:00:00,"T29-4N",11.72391,28.65359,2.351788032
2015-12-23 08:00:00,"T29-4N",14.19338,8.705958,4.997549568
2015-12-23 09:00:00,"T29-4N",13.24329,338.0955,4.605584896
2015-12-23 10:00:00,"T29-4N",10.94676,308.562,5.87947008
2015-12-23 11:00:00,"T29-4N",7.463624,347.6467,3.625673216
2015-12-23 12:00:00,"T29-4N",5.551428,327.2374,3.233708544
2015-12-23 13:00:00,"T29-4N",6.770329,156.3236,5.977461248
2015-12-23 14:00:00,"T29-4N",10.53089,170.7512,3.625673216
2015-12-23 15:00:00,"T29-4N",9.175235,201.442,2.93973504
2015-12-23 16:00:00,"T29-4N",12.36597,155.0905,4.311611392
2015-12-23 17:00:00,"T29-4N",13.48621,181.5161,3.135717376
2015-12-23 18:00:00,"T29-4N",13.326,157.5568,0.783929344
2015-12-23 19:00:00,"T29-4N",9.836165,81.53736,2.155805696
2015-12-23 20:00:00,"T29-4N",10.16572,212.3998,0.685938176
2015-12-23 21:00:00,"T29-4N",9.606018,141.0812,0
2015-12-23 22:00:00,"T29-4N",8.965606,329.7753,2.743752704
2015-12-23 23:00:00,"T29-4N",6.182453,306.8888,1.95982336
2015-12-24 00:00:00,"T29-4N",6.24767,323.3298,1.371876352
2015-12-24 01:00:00,"T29-4N",6.892262,344.1812,0.783929344
2015-12-24 02:00:00,"T29-4N",5.962327,293.3715,1.175894016
2015-12-24 03:00:00,"T29-4N",6.575515,21.78765,0
2015-12-24 04:00:00,"T29-4N",6.214388,179.3488,0.097991168
2015-12-24 05:00:00,"T29-4N",6.475045,341.3052,3.135717376
2015-12-24 06:00:00,"T29-4N",7.705354,340.2411,3.42969088
2015-12-24 07:00:00,"T29-4N",7.377898,34.72197,0.685938176
2015-12-24 08:00:00,"T29-4N",7.901572,54.09094,1.371876352
2015-12-24 09:00:00,"T29-4N",9.253119,262.4314,1.861832192
2015-12-24 10:00:00,"T29-4N",7.58261,104.9743,1.371876352
2015-12-24 11:00:00,"T29-4N",7.191673,168.5384,1.077902848
2015-12-24 12:00:00,"T29-4N",5.089067,101.2921,2.841743872
2015-12-24 13:00:00,"T29-4N",5.232298,108.2187,4.507593728
2015-12-24 14:00:00,"T29-4N",4.442356,206.4875,7.741302272
2015-12-24 15:00:00,"T29-4N",9.442158,191.9407,5.487505408
2015-12-24 16:00:00,"T29-4N",75.45399,193.8913,12.73885184
2015-12-24 17:00:00,"T29-4N",105.667,210.226,8.133266944
2015-12-24 18:00:00,"T29-4N",29.12026,198.2388,6.36942592
2015-12-24 19:00:00,"T29-4N",19.92691,213.4531,2.4497792
2015-12-24 20:00:00,"T29-4N",14.33168,300.9786,7.937284608
2015-12-24 21:00:00,"T29-4N",27.46873,284.9906,7.643311104
2015-12-24 22:00:00,"T29-4N",8.82093,315.2805,4.703576064
2015-12-24 23:00:00,"T29-4N",7.378693,243.6606,2.547770368
2015-12-25 00:00:00,"T29-4N",6.303484,128.3094,2.743752704
2015-12-25 01:00:00,"T29-4N",5.968812,276.4494,4.40960256
2015-12-25 02:00:00,"T29-4N",5.26948,328.1108,5.193531904
2015-12-25 03:00:00,"T29-4N",4.90079,319.6237,4.507593728
2015-12-25 04:00:00,"T29-4N",3.971135,10.07785,3.42969088
2015-12-25 05:00:00,"T29-4N",5.799429,1.920209,4.115629056
2015-12-25 06:00:00,"T29-4N",5.627071,342.9523,4.507593728
2015-12-25 07:00:00,"T29-4N",5.678865,336.405,4.213620224
2015-12-25 08:00:00,"T29-4N",5.76349,254.7398,1.273885184
2015-12-25 09:00:00,"T29-4N",6.152224,58.77226,1.567858688
2015-12-25 10:00:00,"T29-4N",7.36574,40.80552,0.97991168
2015-12-25 11:00:00,"T29-4N",3.81171,93.87567,1.175894016
2015-12-25 12:00:00,"T29-4N",3.260686,184.4224,2.351788032
2015-12-25 13:00:00,"T29-4N",2.854517,139.8068,3.037726208
2015-12-25 14:00:00,"T29-4N",4.360556,186.3946,4.213620224
2015-12-25 15:00:00,"T29-4N",3.935251,151.6488,2.351788032
2015-12-25 16:00:00,"T29-4N",10.42274,323.3471,6.663399424
2015-12-25 17:00:00,"T29-4N",11.35345,319.3658,5.977461248
2015-12-25 18:00:00,"T29-4N",10.01305,343.1192,4.703576064
2015-12-25 19:00:00,"T29-4N",8.441096,0.08885843,5.193531904
2015-12-25 20:00:00,"T29-4N",10.61282,338.646,5.977461248
2015-12-25 21:00:00,"T29-4N",14.96296,327.4671,8.427240448
2015-12-25 22:00:00,"T29-4N",10.13965,342.8396,7.545319936
2015-12-25 23:00:00,"T29-4N",6.723542,334.4219,8.231258112
2015-12-26 00:00:00,"T29-4N",6.328798,329.2573,8.133266944
2015-12-26 01:00:00,"T29-4N",5.547761,329.5889,11.073001984
2015-12-26 02:00:00,"T29-4N",7.666422,325.3627,11.366975488
2015-12-26 03:00:00,"T29-4N",8.738071,342.7811,9.015187456
2015-12-26 04:00:00,"T29-4N",7.429442,325.2392,13.522781184
2015-12-26 05:00:00,"T29-4N",22.0508,324.4958,11.954922496
2015-12-26 06:00:00,"T29-4N",11.68873,325.5513,13.424790016
2015-12-26 07:00:00,"T29-4N",9.442585,337.9178,12.346887168
2015-12-26 08:00:00,"T29-4N",11.68824,340.7981,10.093090304
2015-12-26 09:00:00,"T29-4N",51.59072,329.3592,14.502692864
2015-12-26 10:00:00,"T29-4N",60.37329,326.2794,16.854480896
2015-12-26 11:00:00,"T29-4N",41.72657,333.9993,11.073001984
2015-12-26 12:00:00,"T29-4N",139.6302,331.9837,13.130816512
2015-12-26 13:00:00,"T29-4N",39.11399,332.1593,11.26898432
2015-12-26 14:00:00,"T29-4N",20.94037,341.5523,10.681037312
2015-12-26 15:00:00,"T29-4N",8.781556,342.1721,12.836843008
2015-12-26 16:00:00,"T29-4N",6.325966,321.6437,10.975010816
2015-12-26 17:00:00,"T29-4N",7.537319,337.1006,6.173443584
2015-12-26 18:00:00,"T29-4N",7.699416,325.146,7.055364096
2015-12-26 19:00:00,"T29-4N",6.171459,350.2019,5.87947008
2015-12-26 20:00:00,"T29-4N",5.556881,319.5804,9.897107968
2015-12-26 21:00:00,"T29-4N",5.552367,324.7732,9.113178624
2015-12-26 22:00:00,"T29-4N",7.026244,325.1568,5.193531904
2015-12-26 23:00:00,"T29-4N",6.736719,0.2557389,3.821655552
2015-12-27 00:00:00,"T29-4N",5.92595,0.03250918,3.625673216
2015-12-27 01:00:00,"T29-4N",6.414459,336.4895,3.42969088
2015-12-27 02:00:00,"T29-4N",8.975291,95.73736,0.48995584
2015-12-27 03:00:00,"T29-4N",5.836011,214.773,0.587947008
2015-12-27 04:00:00,"T29-4N",7.35061,219.1942,2.351788032
2015-12-27 05:00:00,"T29-4N",5.420118,58.98682,1.077902848
2015-12-27 06:00:00,"T29-4N",5.709237,338.8778,3.331699712
2015-12-27 07:00:00,"T29-4N",5.057247,271.6965,1.763841024
2015-12-27 08:00:00,"T29-4N",7.140167,315.144,1.46986752
2015-12-27 09:00:00,"T29-4N",7.947722,158.8355,0.48995584
2015-12-27 10:00:00,"T29-4N",8.33932,123.5175,1.763841024
2015-12-27 11:00:00,"T29-4N",4.437993,208.9473,3.821655552
2015-12-27 12:00:00,"T29-4N",3.589721,32.25777,0.97991168
2015-12-27 13:00:00,"T29-4N",3.253992,126.9852,3.331699712
2015-12-27 14:00:00,"T29-4N",3.927377,48.417,0.881920512
2015-12-27 15:00:00,"T29-4N",2.105645,84.34398,1.665849856
2015-12-27 16:00:00,"T29-4N",5.136445,110.8086,2.155805696
2015-12-27 17:00:00,"T29-4N",4.691418,150.6562,2.841743872
2015-12-27 18:00:00,"T29-4N",5.676033,134.4081,2.841743872
2015-12-27 19:00:00,"T29-4N",6.577505,51.69393,0.97991168
2015-12-27 20:00:00,"T29-4N",6.203868,229.1593,0.391964672
2015-12-27 21:00:00,"T29-4N",6.485809,323.9323,1.371876352
2015-12-27 22:00:00,"T29-4N",6.12033,260.2078,1.077902848
2015-12-27 23:00:00,"T29-4N",6.89136,204.9682,0.783929344
2015-12-28 00:00:00,"T29-4N",3.466862,277.7107,2.547770368
2015-12-28 01:00:00,"T29-4N",4.889705,317.1769,1.95982336
2015-12-28 02:00:00,"T29-4N",5.178182,354.4974,0.587947008
2015-12-28 03:00:00,"T29-4N",5.228926,69.68451,0
2015-12-28 04:00:00,"T29-4N",5.691494,318.9996,2.253796864
2015-12-28 05:00:00,"T29-4N",4.676464,319.3854,1.665849856
2015-12-28 06:00:00,"T29-4N",6.214964,294.2059,0.881920512
2015-12-28 07:00:00,"T29-4N",5.729701,307.1121,1.567858688
2015-12-28 08:00:00,"T29-4N",8.151191,64.56323,1.763841024
2015-12-28 09:00:00,"T29-4N",8.729932,218.6654,2.351788032
2015-12-28 10:00:00,"T29-4N",5.877552,119.8093,1.371876352
2015-12-28 11:00:00,"T29-4N",9.371577,118.7669,0.783929344
2015-12-28 12:00:00,"T29-4N",3.113073,110.9495,1.371876352
2015-12-28 13:00:00,"T29-4N",3.740473,289.3837,2.155805696
2015-12-28 14:00:00,"T29-4N",7.634155,279.2712,2.253796864
2015-12-28 15:00:00,"T29-4N",7.673326,315.1526,3.42969088
2015-12-28 16:00:00,"T29-4N",11.36309,308.6031,5.977461248
2015-12-28 17:00:00,"T29-4N",19.40395,323.7242,10.77902848
2015-12-28 18:00:00,"T29-4N",12.96469,312.099,7.3493376
2015-12-28 19:00:00,"T29-4N",9.047327,328.3795,7.545319936
2015-12-28 20:00:00,"T29-4N",7.867412,325.9262,6.36942592
2015-12-28 21:00:00,"T29-4N",8.432166,344.9462,8.623222784
2015-12-28 22:00:00,"T29-4N",7.261443,332.272,8.623222784
2015-12-28 23:00:00,"T29-4N",7.495072,317.9983,8.81920512
2015-12-29 00:00:00,"T29-4N",7.293177,331.494,7.447328768
2015-12-29 01:00:00,"T29-4N",6.175028,344.3502,10.583046144
2015-12-29 02:00:00,"T29-4N",7.688052,342.1093,9.603134464
2015-12-29 03:00:00,"T29-4N",7.649435,342.9025,9.505143296
2015-12-29 04:00:00,"T29-4N",7.413695,333.3903,9.701125632
2015-12-29 05:00:00,"T29-4N",8.099241,336.5025,7.055364096
2015-12-29 06:00:00,"T29-4N",7.744601,335.0309,8.623222784
2015-12-29 07:00:00,"T29-4N",8.351533,331.4809,6.85938176
2015-12-29 08:00:00,"T29-4N",8.494652,331.7301,5.095540736
2015-12-29 09:00:00,"T29-4N",9.440621,345.1348,7.83929344
2015-12-29 10:00:00,"T29-4N",8.659122,332.5646,8.32924928
2015-12-29 11:00:00,"T29-4N",7.91734,330.3756,4.801567232
2015-12-29 12:00:00,"T29-4N",6.411058,325.5339,6.173443584
2015-12-29 13:00:00,"T29-4N",5.323687,313.6746,4.801567232
2015-12-29 14:00:00,"T29-4N",6.971519,36.2499,1.077902848
2015-12-29 15:00:00,"T29-4N",7.978887,270.0711,1.273885184
2015-12-29 16:00:00,"T29-4N",6.933886,291.2844,1.763841024
2015-12-29 17:00:00,"T29-4N",9.324213,184.8884,1.763841024
2015-12-29 18:00:00,"T29-4N",9.237119,39.15839,1.46986752
2015-12-29 19:00:00,"T29-4N",9.796536,137.3925,4.213620224
2015-12-29 20:00:00,"T29-4N",8.669566,187.2529,1.861832192
2015-12-29 21:00:00,"T29-4N",9.887437,204.914,2.351788032
2015-12-29 22:00:00,"T29-4N",9.850028,347.5881,3.331699712
2015-12-29 23:00:00,"T29-4N",8.33882,332.1138,1.665849856
2015-12-30 00:00:00,"T29-4N",8.152939,350.7307,1.371876352
2015-12-30 01:00:00,"T29-4N",9.18215,330.627,2.253796864
2015-12-30 02:00:00,"T29-4N",8.310492,323.1716,2.155805696
2015-12-30 03:00:00,"T29-4N",6.782001,1.341545,3.723664384
2015-12-30 04:00:00,"T29-4N",7.353334,339.0555,2.155805696
2015-12-30 05:00:00,"T29-4N",8.500888,319.0689,1.46986752
2015-12-30 06:00:00,"T29-4N",9.303374,287.7994,1.567858688
2015-12-30 07:00:00,"T29-4N",11.86176,0.05634925,2.841743872
2015-12-30 08:00:00,"T29-4N",10.72641,95.7482,0.783929344
2015-12-30 09:00:00,"T29-4N",10.05782,120.8388,1.077902848
2015-12-30 10:00:00,"T29-4N",9.475286,94.48468,0
2015-12-30 11:00:00,"T29-4N",7.557108,89.76001,0
2015-12-30 12:00:00,"T29-4N",6.345356,126.4672,0.685938176
2015-12-30 13:00:00,"T29-4N",8.139852,194.0906,2.743752704
2015-12-30 14:00:00,"T29-4N",7.356328,153.66,1.46986752
2015-12-30 15:00:00,"T29-4N",8.555941,181.3189,2.743752704
2015-12-30 16:00:00,"T29-4N",9.249825,162.2902,1.763841024
2015-12-30 17:00:00,"T29-4N",13.17645,90.15662,1.371876352
2015-12-30 18:00:00,"T29-4N",11.21319,273.9462,2.547770368
2015-12-30 19:00:00,"T29-4N",13.39992,348.5439,1.665849856
2015-12-30 20:00:00,"T29-4N",10.94005,14.63997,1.46986752
2015-12-30 21:00:00,"T29-4N",11.35823,310.3478,1.273885184
2015-12-30 22:00:00,"T29-4N",12.57014,330.744,2.155805696
2015-12-30 23:00:00,"T29-4N",10.28219,101.6432,0.48995584
2015-12-31 00:00:00,"T29-4N",9.035251,246.3502,0.881920512
2015-12-31 01:00:00,"T29-4N",8.763638,264.2346,2.93973504
2015-12-31 02:00:00,"T29-4N",10.75286,158.3674,1.077902848
2015-12-31 03:00:00,"T29-4N",9.186596,69.25539,0.97991168
2015-12-31 04:00:00,"T29-4N",7.7966,248.0927,1.567858688
2015-12-31 05:00:00,"T29-4N",8.146013,270.1534,0
2015-12-31 06:00:00,"T29-4N",9.785289,284.2429,2.057814528
2015-12-31 07:00:00,"T29-4N",9.087267,293.5362,0.685938176
2015-12-31 08:00:00,"T29-4N",9.669772,338.8692,2.841743872
2015-12-31 09:00:00,"T29-4N",8.883069,223.4638,1.861832192
2015-12-31 10:00:00,"T29-4N",9.782772,66.85188,0.881920512
2015-12-31 11:00:00,"T29-4N",8.349054,87.39767,2.155805696
2015-12-31 12:00:00,"T29-4N",9.088446,152.0346,2.841743872
2015-12-31 13:00:00,"T29-4N",5.543079,117.6616,3.135717376
2015-12-31 14:00:00,"T29-4N",5.306347,125.6935,2.057814528
2015-12-31 15:00:00,"T29-4N",6.976315,188.2498,2.841743872
2015-12-31 16:00:00,"T29-4N",10.46559,194.7365,2.155805696
2015-12-31 17:00:00,"T29-4N",8.999411,216.9316,1.175894016
2015-12-31 18:00:00,"T29-4N",10.5133,135.3162,1.95982336
2015-12-31 19:00:00,"T29-4N",7.061721,140.5654,2.4497792
2015-12-31 20:00:00,"T29-4N",9.426245,320.5817,1.371876352
2015-12-31 21:00:00,"T29-4N",10.08475,315.313,2.4497792
2015-12-31 22:00:00,"T29-4N",11.50436,337.7141,3.723664384
2015-12-31 23:00:00,"T29-4N",7.776022,14.757,0
2015-12-04 14:00:00,"T29-4S",109.3472,115.7392,2.057814528
2015-12-04 15:00:00,"T29-4S",17.12699,152.7238,2.351788032
2015-12-04 16:00:00,"T29-4S",10.05628,182.0167,2.057814528
2015-12-04 17:00:00,"T29-4S",32.91788,155.7623,2.645761536
2015-12-04 18:00:00,"T29-4S",31.7583,75.40613,1.861832192
2015-12-04 19:00:00,"T29-4S",10.13129,143.7144,3.723664384
2015-12-04 20:00:00,"T29-4S",29.01334,94.91163,1.273885184
2015-12-04 21:00:00,"T29-4S",24.47364,13.83157,2.4497792
2015-12-04 22:00:00,"T29-4S",15.89199,339.6299,2.351788032
2015-12-04 23:00:00,"T29-4S",10.89319,345.4469,0.881920512
2015-12-05 00:00:00,"T29-4S",16.90373,242.6117,1.95982336
2015-12-05 01:00:00,"T29-4S",11.58673,284.3231,0.391964672
2015-12-05 02:00:00,"T29-4S",20.01895,215.3863,1.371876352
2015-12-05 03:00:00,"T29-4S",21.67469,28.84215,0
2015-12-05 04:00:00,"T29-4S",9.636706,17.47693,0.685938176
2015-12-05 05:00:00,"T29-4S",13.30467,354.4866,0.881920512
2015-12-05 06:00:00,"T29-4S",7.951758,332.2807,2.841743872
2015-12-05 07:00:00,"T29-4S",13.83754,319.303,0.587947008
2015-12-05 08:00:00,"T29-4S",22.13092,103.312,0.587947008
2015-12-05 09:00:00,"T29-4S",23.537,65.55801,1.077902848
2015-12-05 10:00:00,"T29-4S",17.48053,79.30723,0.48995584
2015-12-05 11:00:00,"T29-4S",12.0727,57.90318,0.391964672
2015-12-05 12:00:00,"T29-4S",21.59213,57.7103,0.48995584
2015-12-05 13:00:00,"T29-4S",25.02389,87.0119,1.371876352
2015-12-05 14:00:00,"T29-4S",11.78593,173.729,0.881920512
2015-12-05 15:00:00,"T29-4S",5.845476,276.4906,0
2015-12-05 16:00:00,"T29-4S",11.25704,112.1415,1.273885184
2015-12-05 17:00:00,"T29-4S",23.78932,160.2486,1.273885184
2015-12-05 18:00:00,"T29-4S",23.60226,119.4257,1.95982336
2015-12-05 19:00:00,"T29-4S",29.98603,153.0944,2.057814528
2015-12-05 20:00:00,"T29-4S",12.59311,141.8874,2.155805696
2015-12-05 21:00:00,"T29-4S",30.99466,132.9864,1.46986752
2015-12-05 22:00:00,"T29-4S",12.90974,309.6695,2.547770368
2015-12-05 23:00:00,"T29-4S",23.50613,9.555532,2.547770368
2015-12-06 00:00:00,"T29-4S",18.16583,312.0816,1.861832192
2015-12-06 01:00:00,"T29-4S",10.9186,328.1888,2.4497792
2015-12-06 02:00:00,"T29-4S",11.75511,332.972,4.507593728
2015-12-06 03:00:00,"T29-4S",9.808788,332.9828,2.547770368
2015-12-06 04:00:00,"T29-4S",9.783927,232.5468,0.685938176
2015-12-06 05:00:00,"T29-4S",7.292217,334.3569,2.547770368
2015-12-06 06:00:00,"T29-4S",9.907532,328.0501,1.567858688
2015-12-06 07:00:00,"T29-4S",15.09854,317.9679,3.135717376
2015-12-06 08:00:00,"T29-4S",12.14776,27.37706,0.391964672
2015-12-06 09:00:00,"T29-4S",20.32412,113.8862,1.273885184
2015-12-06 10:00:00,"T29-4S",18.69429,104.556,2.4497792
2015-12-06 11:00:00,"T29-4S",11.031,294.0564,0.293973504
2015-12-06 12:00:00,"T29-4S",16.45136,113.4549,1.46986752
2015-12-06 13:00:00,"T29-4S",8.279299,172.0256,2.645761536
2015-12-06 14:00:00,"T29-4S",10.85226,307.643,2.4497792
2015-12-06 15:00:00,"T29-4S",17.90205,96.55226,1.175894016
2015-12-06 16:00:00,"T29-4S",28.04062,144.1414,2.645761536
2015-12-06 17:00:00,"T29-4S",5.95898,288.9264,0
2015-12-06 18:00:00,"T29-4S",25.81007,326.6327,1.46986752
2015-12-06 19:00:00,"T29-4S",18.33187,348.2881,1.175894016
2015-12-06 20:00:00,"T29-4S",16.62881,345.4989,1.567858688
2015-12-06 21:00:00,"T29-4S",14.91383,291.4621,0.391964672
2015-12-06 22:00:00,"T29-4S",17.47803,327.8507,0.783929344
2015-12-06 23:00:00,"T29-4S",13.64383,334.0925,0
2015-12-07 00:00:00,"T29-4S",28.6049,290.3611,1.861832192
2015-12-07 01:00:00,"T29-4S",25.3738,325.2587,0.881920512
2015-12-07 02:00:00,"T29-4S",9.117825,170.5172,0.587947008
2015-12-07 03:00:00,"T29-4S",6.640821,276.0853,0.97991168
2015-12-07 04:00:00,"T29-4S",19.05182,351.9769,2.057814528
2015-12-07 05:00:00,"T29-4S",14.1189,348.377,2.155805696
2015-12-07 06:00:00,"T29-4S",10.84235,0.1387058,1.95982336
2015-12-07 07:00:00,"T29-4S",24.89277,225.0524,2.743752704
2015-12-07 08:00:00,"T29-4S",14.10189,215.5684,0.097991168
2015-12-07 09:00:00,"T29-4S",23.90968,19.92379,0.97991168
2015-12-07 10:00:00,"T29-4S",15.96921,337.2004,1.077902848
2015-12-07 11:00:00,"T29-4S",19.31245,140.0994,4.017637888
2015-12-07 12:00:00,"T29-4S",9.592805,109.7813,1.46986752
2015-12-07 13:00:00,"T29-4S",18.16391,91.92295,0.881920512
2015-12-07 14:00:00,"T29-4S",15.93104,123.5977,2.93973504
2015-12-07 15:00:00,"T29-4S",4.745111,94.20726,0.881920512
2015-12-07 16:00:00,"T29-4S",31.72239,2.227962,1.567858688
2015-12-07 17:00:00,"T29-4S",25.76366,177.6063,0.881920512
2015-12-07 18:00:00,"T29-4S",32.68968,337.9416,0.391964672
2015-12-07 19:00:00,"T29-4S",30.18923,340.3863,1.861832192
2015-12-07 20:00:00,"T29-4S",24.73054,166.0482,0.97991168
2015-12-07 21:00:00,"T29-4S",19.52768,247.6246,1.763841024
2015-12-07 22:00:00,"T29-4S",25.28355,47.05595,1.95982336
2015-12-07 23:00:00,"T29-4S",21.4474,318.7872,1.95982336
2015-12-08 00:00:00,"T29-4S",13.37251,172.0819,1.077902848
2015-12-08 01:00:00,"T29-4S",22.87135,299.3185,1.46986752
2015-12-08 02:00:00,"T29-4S",10.47552,132.3319,1.273885184
2015-12-08 03:00:00,"T29-4S",34.48801,292.3507,1.95982336
2015-12-08 04:00:00,"T29-4S",20.20157,249.4906,1.371876352
2015-12-08 05:00:00,"T29-4S",23.96353,232.8112,1.371876352
2015-12-08 06:00:00,"T29-4S",9.269486,278.3544,0.195982336
2015-12-08 07:00:00,"T29-4S",13.58523,141.8159,1.567858688
2015-12-08 08:00:00,"T29-4S",20.99003,30.65182,1.46986752
2015-12-08 09:00:00,"T29-4S",18.72584,8.181477,1.567858688
2015-12-08 10:00:00,"T29-4S",35.47476,138.3721,1.763841024
2015-12-08 11:00:00,"T29-4S",13.71903,338.154,1.371876352
2015-12-08 12:00:00,"T29-4S",14.79228,130.3141,0.881920512
2015-12-08 13:00:00,"T29-4S",16.90202,90.60091,0.293973504
2015-12-08 14:00:00,"T29-4S",9.89881,343.8648,0.97991168
2015-12-08 15:00:00,"T29-4S",39.98911,113.4657,2.351788032
2015-12-08 16:00:00,"T29-4S",12.92308,168.6815,1.567858688
2015-12-08 17:00:00,"T29-4S",24.10577,62.51515,1.371876352
2015-12-08 18:00:00,"T29-4S",30.18464,111.7514,1.861832192
2015-12-08 19:00:00,"T29-4S",25.29038,348.5959,1.567858688
2015-12-08 20:00:00,"T29-4S",17.01115,311.0414,2.155805696
2015-12-08 21:00:00,"T29-4S",18.66616,341.8427,0
2015-12-08 22:00:00,"T29-4S",10.82595,322.6558,2.155805696
2015-12-08 23:00:00,"T29-4S",30.40343,153.8183,1.95982336
2015-12-09 00:00:00,"T29-4S",10.64263,43.5688,0.783929344
2015-12-09 01:00:00,"T29-4S",16.56946,260.2403,0.783929344
2015-12-09 02:00:00,"T29-4S",14.40699,127.2279,2.93973504
2015-12-09 03:00:00,"T29-4S",26.84725,337.3131,0
2015-12-09 04:00:00,"T29-4S",14.67429,212.532,1.077902848
2015-12-09 05:00:00,"T29-4S",12.88892,343.4595,0.783929344
2015-12-09 06:00:00,"T29-4S",15.4929,56.29723,0
2015-12-09 07:00:00,"T29-4S",12.1062,14.96072,0.391964672
2015-12-09 08:00:00,"T29-4S",19.46564,8.339688,1.077902848
2015-12-09 09:00:00,"T29-4S",13.10808,328.67,1.567858688
2015-12-09 10:00:00,"T29-4S",18.10962,4.49927,1.95982336
2015-12-09 11:00:00,"T29-4S",13.78679,38.67725,0.48995584
2015-12-09 12:00:00,"T29-4S",20.2797,111.7969,2.057814528
2015-12-09 13:00:00,"T29-4S",12.98282,123.9683,0.97991168
2015-12-09 14:00:00,"T29-4S",10.44407,113.0474,2.155805696
2015-12-09 15:00:00,"T29-4S",7.926272,156.7376,2.057814528
2015-12-09 16:00:00,"T29-4S",34.03068,96.11447,1.371876352
2015-12-09 17:00:00,"T29-4S",51.84925,1.014286,0.195982336
2015-12-09 18:00:00,"T29-4S",29.31841,2.650582,3.135717376
2015-12-09 19:00:00,"T29-4S",26.09272,264.874,2.351788032
2015-12-09 20:00:00,"T29-4S",23.83737,307.4762,0.881920512
2015-12-09 21:00:00,"T29-4S",16.35845,328.9084,0
2015-12-09 22:00:00,"T29-4S",8.47278,116.4305,1.273885184
2015-12-09 23:00:00,"T29-4S",17.21136,49.38795,1.273885184
2015-12-10 00:00:00,"T29-4S",13.13249,73.83485,1.175894016
2015-12-10 01:00:00,"T29-4S",18.47528,286.9975,2.253796864
2015-12-10 02:00:00,"T29-4S",6.595684,0.06068378,0.195982336
2015-12-10 03:00:00,"T29-4S",16.70566,73.07413,1.077902848
2015-12-10 04:00:00,"T29-4S",21.97811,169.7434,1.175894016
2015-12-10 05:00:00,"T29-4S",14.08368,249.0203,0.48995584
2015-12-10 06:00:00,"T29-4S",6.10079,323.1412,1.567858688
2015-12-10 07:00:00,"T29-4S",13.17939,75.75288,1.567858688
2015-12-10 08:00:00,"T29-4S",13.83956,10.71503,3.037726208
2015-12-10 09:00:00,"T29-4S",16.74737,117.1978,3.42969088
2015-12-10 10:00:00,"T29-4S",32.03227,330.3518,0.293973504
2015-12-10 11:00:00,"T29-4S",148.5881,245.0499,12.542869504
2015-12-10 12:00:00,"T29-4S",846.0332,242.2671,14.600684032
2015-12-10 13:00:00,"T29-4S",656.3521,222.1504,18.030374912
2015-12-10 14:00:00,"T29-4S",131.3135,211.0691,13.620772352
2015-12-10 15:00:00,"T29-4S",146.891,220.5249,14.20871936
2015-12-10 16:00:00,"T29-4S",25.51599,220.0243,12.346887168
2015-12-10 17:00:00,"T29-4S",6.80374,199.8989,12.836843008
2015-12-10 18:00:00,"T29-4S",3.031561,218.5375,10.387063808
2015-12-10 19:00:00,"T29-4S",30.70665,213.089,13.22880768
2015-12-10 20:00:00,"T29-4S",29.98473,208.9798,15.776578048
2015-12-10 21:00:00,"T29-4S",11.47377,205.6834,10.583046144
2015-12-10 22:00:00,"T29-4S",7.615269,221.3485,9.603134464
2015-12-10 23:00:00,"T29-4S",72.7135,303.1221,3.331699712
2015-12-11 00:00:00,"T29-4S",43.03942,333.5507,5.487505408
2015-12-11 01:00:00,"T29-4S",11.1531,353.7801,2.547770368
2015-12-11 02:00:00,"T29-4S",37.015,107.536,2.4497792
2015-12-11 03:00:00,"T29-4S",12.99654,162.9447,1.273885184
2015-12-11 04:00:00,"T29-4S",19.91682,104.3328,3.331699712
2015-12-11 05:00:00,"T29-4S",4.86685,79.96825,4.605584896
2015-12-11 06:00:00,"T29-4S",16.5928,128.7212,3.037726208
2015-12-11 07:00:00,"T29-4S",13.89744,11.15715,1.763841024
2015-12-11 08:00:00,"T29-4S",7.692535,344.7772,7.3493376
2015-12-11 09:00:00,"T29-4S",28.38453,329.3223,9.211169792
2015-12-11 10:00:00,"T29-4S",18.95278,321.3749,4.017637888
2015-12-11 11:00:00,"T29-4S",5.891784,200.1634,1.46986752
2015-12-11 12:00:00,"T29-4S",13.61302,78.56602,1.371876352
2015-12-11 13:00:00,"T29-4S",4.580199,204.6431,1.46986752
2015-12-11 14:00:00,"T29-4S",4.533977,332.9742,6.173443584
2015-12-11 15:00:00,"T29-4S",299.6842,337.7487,13.816754688
2015-12-11 16:00:00,"T29-4S",57.46815,319.6671,7.741302272
2015-12-11 17:00:00,"T29-4S",13.37555,327.9613,10.975010816
2015-12-11 18:00:00,"T29-4S",12.07979,14.86103,7.153355264
2015-12-11 19:00:00,"T29-4S",9.181288,12.09558,4.801567232
2015-12-11 20:00:00,"T29-4S",8.542275,349.4368,5.781478912
2015-12-11 21:00:00,"T29-4S",7.42275,0.1495422,8.525231616
2015-12-11 22:00:00,"T29-4S",8.15203,4.152506,8.623222784
2015-12-11 23:00:00,"T29-4S",8.043191,338.4097,8.525231616
2015-12-12 00:00:00,"T29-4S",7.522117,347.5275,5.781478912
2015-12-12 01:00:00,"T29-4S",5.986463,14.79384,8.035275776
2015-12-12 02:00:00,"T29-4S",7.554704,354.4822,4.40960256
2015-12-12 03:00:00,"T29-4S",7.827927,342.7508,8.035275776
2015-12-12 04:00:00,"T29-4S",6.107171,6.995975,7.741302272
2015-12-12 05:00:00,"T29-4S",8.18017,337.8267,6.565408256
2015-12-12 06:00:00,"T29-4S",8.613248,0.05201467,7.055364096
2015-12-12 07:00:00,"T29-4S",8.795866,352.1221,6.565408256
2015-12-12 08:00:00,"T29-4S",7.837313,334.6343,10.77902848
2015-12-12 09:00:00,"T29-4S",9.972898,337.4886,9.603134464
2015-12-12 10:00:00,"T29-4S",33.10965,333.6634,10.583046144
2015-12-12 11:00:00,"T29-4S",36.10178,345.8305,9.897107968
2015-12-12 12:00:00,"T29-4S",10.06354,322.387,8.035275776
2015-12-12 13:00:00,"T29-4S",7.201196,337.8375,6.467417088
2015-12-12 14:00:00,"T29-4S",6.473347,341.3334,5.095540736
2015-12-12 15:00:00,"T29-4S",7.427262,351.875,6.36942592
2015-12-12 16:00:00,"T29-4S",8.000234,337.7314,3.91964672
2015-12-12 17:00:00,"T29-4S",7.409151,297.7386,3.527682048
2015-12-12 18:00:00,"T29-4S",9.005501,188.3127,2.253796864
2015-12-12 19:00:00,"T29-4S",10.9513,81.35747,0.783929344
2015-12-12 20:00:00,"T29-4S",8.866496,154.4814,2.155805696
2015-12-12 21:00:00,"T29-4S",8.87682,351.097,1.763841024
2015-12-12 22:00:00,"T29-4S",8.503288,345.3602,1.175894016
2015-12-12 23:00:00,"T29-4S",8.091739,256.4606,1.175894016
2015-12-13 00:00:00,"T29-4S",8.391163,256.0705,0
2015-12-13 01:00:00,"T29-4S",8.42439,159.2451,0.195982336
2015-12-13 02:00:00,"T29-4S",9.407909,317.7057,1.665849856
2015-12-13 03:00:00,"T29-4S",7.508643,347.4256,1.46986752
2015-12-13 04:00:00,"T29-4S",7.266132,342.6381,2.155805696
2015-12-13 05:00:00,"T29-4S",6.243705,311.1519,1.077902848
2015-12-13 06:00:00,"T29-4S",8.016138,0.2405679,0.293973504
2015-12-13 07:00:00,"T29-4S",7.903261,220.2497,1.371876352
2015-12-13 08:00:00,"T29-4S",13.65329,338.672,0.391964672
2015-12-13 09:00:00,"T29-4S",8.377743,8.896679,0.293973504
2015-12-13 10:00:00,"T29-4S",8.107287,171.4577,1.46986752
2015-12-13 11:00:00,"T29-4S",6.616153,14.99107,2.351788032
2015-12-13 12:00:00,"T29-4S",5.016971,145.0191,1.371876352
2015-12-13 13:00:00,"T29-4S",5.173045,204.0471,0.293973504
2015-12-13 14:00:00,"T29-4S",19.89926,228.6977,15.776578048
2015-12-13 16:00:00,"T29-4S",5.567139,211.923,10.485054976
2015-12-13 17:00:00,"T29-4S",6.922563,244.8678,10.681037312
2015-12-13 18:00:00,"T29-4S",10.86028,316.1366,6.761390592
2015-12-13 19:00:00,"T29-4S",5.27567,270.5392,3.723664384
2015-12-13 20:00:00,"T29-4S",5.595738,314.3529,4.213620224
2015-12-13 21:00:00,"T29-4S",8.63539,288.8636,6.565408256
2015-12-13 22:00:00,"T29-4S",9.017837,291.3083,4.997549568
2015-12-13 23:00:00,"T29-4S",7.026917,52.27693,2.547770368
2015-12-14 00:00:00,"T29-4S",5.073071,312.929,5.977461248
2015-12-14 01:00:00,"T29-4S",9.407483,295.3004,10.681037312
2015-12-14 02:00:00,"T29-4S",9.515491,306.1086,8.81920512
2015-12-14 03:00:00,"T29-4S",7.542721,304.8754,8.917196288
2015-12-14 04:00:00,"T29-4S",26.4765,298.7875,14.012737024
2015-12-14 05:00:00,"T29-4S",41.65277,298.2717,9.30916096
2015-12-14 06:00:00,"T29-4S",35.21447,298.4928,8.32924928
2015-12-14 07:00:00,"T29-4S",20.43796,324.1252,8.035275776
2015-12-14 08:00:00,"T29-4S",6.941677,315.144,14.110728192
2015-12-14 09:00:00,"T29-4S",16.13605,307.7146,10.485054976
2015-12-14 10:00:00,"T29-4S",212.6841,320.0941,10.77902848
2015-12-14 11:00:00,"T29-4S",368.7126,298.5578,14.796666368
2015-12-14 12:00:00,"T29-4S",NA,326.4702,13.620772352
2015-12-14 13:00:00,"T29-4S",NA,309.0214,13.130816512
2015-12-14 14:00:00,"T29-4S",258.2374,306.0392,12.836843008
2015-12-14 15:00:00,"T29-4S",30.87486,300.6189,9.113178624
2015-12-14 16:00:00,"T29-4S",4.676059,309.314,12.640860672
2015-12-14 17:00:00,"T29-4S",6.806887,324.8166,7.643311104
2015-12-14 18:00:00,"T29-4S",8.060033,319.5262,8.917196288
2015-12-14 19:00:00,"T29-4S",4.594293,337.1635,7.447328768
2015-12-14 20:00:00,"T29-4S",5.803497,335.6855,7.251346432
2015-12-14 21:00:00,"T29-4S",6.108657,332.7834,7.545319936
2015-12-14 22:00:00,"T29-4S",4.265958,337.5255,9.211169792
2015-12-14 23:00:00,"T29-4S",4.359409,323.696,9.897107968
2015-12-15 00:00:00,"T29-4S",4.685842,322.97,6.565408256
2015-12-15 01:00:00,"T29-4S",4.026381,331.028,12.052913664
2015-12-15 02:00:00,"T29-4S",10.22108,311.8779,8.231258112
2015-12-15 03:00:00,"T29-4S",5.138593,332.1029,10.093090304
2015-12-15 04:00:00,"T29-4S",7.155948,342.6446,12.346887168
2015-12-15 05:00:00,"T29-4S",9.75077,326.312,9.015187456
2015-12-15 06:00:00,"T29-4S",8.553267,338.3404,12.934834176
2015-12-15 07:00:00,"T29-4S",12.74896,341.9619,8.81920512
2015-12-15 08:00:00,"T29-4S",15.20395,330.562,7.937284608
2015-12-15 09:00:00,"T29-4S",9.331978,337.506,11.660948992
2015-12-15 10:00:00,"T29-4S",311.349,331.9946,18.226357248
2015-12-15 11:00:00,"T29-4S",622.2102,336.4028,11.660948992
2015-12-15 12:00:00,"T29-4S",298.0152,327.5842,14.502692864
2015-12-15 13:00:00,"T29-4S",129.4132,345.6809,12.640860672
2015-12-15 14:00:00,"T29-4S",30.64698,333.3058,9.603134464
2015-12-15 15:00:00,"T29-4S",11.60609,327.5452,12.346887168
2015-12-15 16:00:00,"T29-4S",14.79609,336.4938,9.407152128
2015-12-15 17:00:00,"T29-4S",6.485698,322.957,6.957372928
2015-12-15 18:00:00,"T29-4S",5.987339,340.6897,10.485054976
2015-12-15 19:00:00,"T29-4S",10.03384,341.3464,13.424790016
2015-12-15 20:00:00,"T29-4S",8.498131,349.2613,10.975010816
2015-12-15 21:00:00,"T29-4S",7.446033,326.0692,11.660948992
2015-12-15 22:00:00,"T29-4S",32.02614,327.517,12.346887168
2015-12-15 23:00:00,"T29-4S",13.78448,308.0852,5.38951424
2015-12-16 00:00:00,"T29-4S",5.160586,332.1983,10.77902848
2015-12-16 01:00:00,"T29-4S",6.452635,347.0897,7.937284608
2015-12-16 02:00:00,"T29-4S",5.956541,342.0507,4.507593728
2015-12-16 03:00:00,"T29-4S",7.106754,63.04831,3.625673216
2015-12-16 04:00:00,"T29-4S",9.368622,10.1342,1.175894016
2015-12-16 05:00:00,"T29-4S",9.777241,112.1675,3.037726208
2015-12-16 06:00:00,"T29-4S",5.398405,276.924,1.665849856
2015-12-16 07:00:00,"T29-4S",8.598053,127.3883,0.48995584
2015-12-16 08:00:00,"T29-4S",9.770363,348.0931,1.763841024
2015-12-16 09:00:00,"T29-4S",15.3686,116.4891,0.783929344
2015-12-16 10:00:00,"T29-4S",13.05724,101.3571,1.273885184
2015-12-16 11:00:00,"T29-4S",8.173991,52.59552,1.175894016
2015-12-16 12:00:00,"T29-4S",7.721786,120.5549,2.351788032
2015-12-16 13:00:00,"T29-4S",9.462569,95.82188,1.077902848
2015-12-16 14:00:00,"T29-4S",10.92163,138.8532,1.95982336
2015-12-16 15:00:00,"T29-4S",175.4546,150.6584,2.155805696
2015-12-16 16:00:00,"T29-4S",7.417488,100.8998,2.155805696
2015-12-16 17:00:00,"T29-4S",8.577525,67.94635,1.46986752
2015-12-16 18:00:00,"T29-4S",3.830215,266.3867,1.95982336
2015-12-16 19:00:00,"T29-4S",14.67523,89.62131,1.95982336
2015-12-16 20:00:00,"T29-4S",13.25045,115.9061,1.371876352
2015-12-16 21:00:00,"T29-4S",10.60973,268.4283,0.293973504
2015-12-16 22:00:00,"T29-4S",7.876834,340.9953,0.48995584
2015-12-16 23:00:00,"T29-4S",9.145573,345.0134,2.155805696
2015-12-17 00:00:00,"T29-4S",7.658636,321.9471,0.783929344
2015-12-17 01:00:00,"T29-4S",9.553928,-0.04551286,2.253796864
2015-12-17 02:00:00,"T29-4S",7.693185,49.013,0.685938176
2015-12-17 03:00:00,"T29-4S",9.118913,12.0349,0.97991168
2015-12-17 04:00:00,"T29-4S",13.18247,287.8059,1.077902848
2015-12-17 05:00:00,"T29-4S",12.22217,312.7816,0.881920512
2015-12-17 06:00:00,"T29-4S",11.8193,298.2717,1.763841024
2015-12-17 07:00:00,"T29-4S",13.54913,247.3732,1.077902848
2015-12-17 08:00:00,"T29-4S",14.61665,350.282,1.175894016
2015-12-17 09:00:00,"T29-4S",14.33516,354.5906,0.587947008
2015-12-17 10:00:00,"T29-4S",12.84877,166.291,0.48995584
2015-12-17 11:00:00,"T29-4S",11.0537,285.656,0.685938176
2015-12-17 12:00:00,"T29-4S",11.78512,98.71738,1.46986752
2015-12-17 13:00:00,"T29-4S",8.35032,235.7761,0
2015-12-17 14:00:00,"T29-4S",10.44196,62.14238,0.97991168
2015-12-17 15:00:00,"T29-4S",9.349035,68.87611,0.293973504
2015-12-17 16:00:00,"T29-4S",10.2478,217.7963,0.587947008
2015-12-17 17:00:00,"T29-4S",11.82495,92.36942,1.567858688
2015-12-17 18:00:00,"T29-4S",29.07835,101.4308,1.273885184
2015-12-17 19:00:00,"T29-4S",25.84704,4.928391,1.46986752
2015-12-17 20:00:00,"T29-4S",19.30109,40.96157,0.97991168
2015-12-17 21:00:00,"T29-4S",19.18977,250.7628,0.391964672
2015-12-17 22:00:00,"T29-4S",17.14992,22.29263,0
2015-12-17 23:00:00,"T29-4S",16.08203,259.4514,1.077902848
2015-12-18 00:00:00,"T29-4S",12.98965,149.6853,0.097991168
2015-12-18 01:00:00,"T29-4S",11.28008,280.5672,2.351788032
2015-12-18 02:00:00,"T29-4S",11.94743,201.8712,0
2015-12-18 03:00:00,"T29-4S",11.635,310.7747,1.665849856
2015-12-18 04:00:00,"T29-4S",10.3896,345.9714,2.351788032
2015-12-18 05:00:00,"T29-4S",13.89052,288.493,1.665849856
2015-12-18 06:00:00,"T29-4S",12.98248,14.83502,0
2015-12-18 07:00:00,"T29-4S",13.73893,353.6695,1.567858688
2015-12-18 08:00:00,"T29-4S",17.17353,113.4549,0
2015-12-18 09:00:00,"T29-4S",13.23958,239.4084,0.685938176
2015-12-18 10:00:00,"T29-4S",13.54305,122.798,2.155805696
2015-12-18 11:00:00,"T29-4S",12.09841,167.4895,0.391964672
2015-12-18 12:00:00,"T29-4S",10.67115,77.22664,0.783929344
2015-12-18 13:00:00,"T29-4S",218.7949,112.031,1.371876352
2015-12-18 14:00:00,"T29-4S",8.296532,102.107,0.97991168
2015-12-18 15:00:00,"T29-4S",7.371829,94.82493,1.371876352
2015-12-18 16:00:00,"T29-4S",9.282016,131.3132,1.95982336
2015-12-18 17:00:00,"T29-4S",12.54946,126.2852,2.743752704
2015-12-18 18:00:00,"T29-4S",7.739642,115.1367,2.351788032
2015-12-18 19:00:00,"T29-4S",9.494476,103.5916,1.46986752
2015-12-18 20:00:00,"T29-4S",6.669969,160.721,3.233708544
2015-12-18 21:00:00,"T29-4S",10.20623,207.9547,0.97991168
2015-12-18 22:00:00,"T29-4S",10.55891,330.0137,1.763841024
2015-12-18 23:00:00,"T29-4S",9.553052,24.59428,2.253796864
2015-12-19 00:00:00,"T29-4S",11.6239,44.04777,1.273885184
2015-12-19 01:00:00,"T29-4S",10.08066,52.08404,1.175894016
2015-12-19 02:00:00,"T29-4S",16.01969,343.4616,3.331699712
2015-12-19 03:00:00,"T29-4S",17.70775,338.3057,3.037726208
2015-12-19 04:00:00,"T29-4S",13.245,330.3193,3.625673216
2015-12-19 05:00:00,"T29-4S",12.935,342.7247,3.821655552
2015-12-19 06:00:00,"T29-4S",13.60581,341.8513,4.8995584
2015-12-19 07:00:00,"T29-4S",14.11481,331.3271,3.233708544
2015-12-19 08:00:00,"T29-4S",16.29664,12.76744,1.371876352
2015-12-19 09:00:00,"T29-4S",17.10895,72.02517,1.763841024
2015-12-19 10:00:00,"T29-4S",20.53951,315.7118,2.547770368
2015-12-19 11:00:00,"T29-4S",40.98981,317.5475,4.8995584
2015-12-19 12:00:00,"T29-4S",56.45885,1.73599,4.703576064
2015-12-19 13:00:00,"T29-4S",47.15258,334.8727,4.605584896
2015-12-19 14:00:00,"T29-4S",44.10181,165.6668,4.213620224
2015-12-19 15:00:00,"T29-4S",92.20434,163.3976,11.170993152
2015-12-19 16:00:00,"T29-4S",54.0567,145.6151,7.153355264
2015-12-19 17:00:00,"T29-4S",11.7626,168.6771,6.467417088
2015-12-19 18:00:00,"T29-4S",13.07711,129.276,4.115629056
2015-12-19 19:00:00,"T29-4S",11.16694,209.6755,2.743752704
2015-12-19 20:00:00,"T29-4S",12.44151,10.56332,5.977461248
2015-12-19 21:00:00,"T29-4S",12.77404,233.5134,1.077902848
2015-12-19 22:00:00,"T29-4S",19.77232,269.603,2.155805696
2015-12-19 23:00:00,"T29-4S",16.70216,109.3219,0.391964672
2015-12-20 00:00:00,"T29-4S",14.9896,190.688,0.48995584
2015-12-20 01:00:00,"T29-4S",13.79608,8.333186,0
2015-12-20 02:00:00,"T29-4S",16.04839,16.5255,1.46986752
2015-12-20 03:00:00,"T29-4S",13.92101,13.93127,0.391964672
2015-12-20 04:00:00,"T29-4S",12.65567,287.4353,1.46986752
2015-12-20 05:00:00,"T29-4S",12.60916,302.3614,0.881920512
2015-12-20 06:00:00,"T29-4S",14.26324,187.8792,1.371876352
2015-12-20 07:00:00,"T29-4S",12.30906,40.18351,1.273885184
2015-12-20 08:00:00,"T29-4S",13.56641,247.488,0.97991168
2015-12-20 09:00:00,"T29-4S",12.49069,214.994,0.48995584
2015-12-20 10:00:00,"T29-4S",15.84281,299.8278,0
2015-12-20 11:00:00,"T29-4S",12.8563,108.7129,1.763841024
2015-12-20 12:00:00,"T29-4S",10.90447,232.445,0.783929344
2015-12-20 13:00:00,"T29-4S",12.96877,137.2277,1.175894016
2015-12-20 14:00:00,"T29-4S",7.660987,198.5097,2.93973504
2015-12-20 15:00:00,"T29-4S",8.821866,91.16658,1.665849856
2015-12-20 16:00:00,"T29-4S",11.30356,94.85529,1.567858688
2015-12-20 17:00:00,"T29-4S",8.313158,130.9665,1.46986752
2015-12-20 18:00:00,"T29-4S",9.479363,134.0505,1.95982336
2015-12-20 19:00:00,"T29-4S",8.102622,180.8312,1.273885184
2015-12-20 20:00:00,"T29-4S",9.823642,0.09752753,1.175894016
2015-12-20 21:00:00,"T29-4S",9.404959,266.0703,2.351788032
2015-12-20 22:00:00,"T29-4S",8.425396,314.3941,0.97991168
2015-12-20 23:00:00,"T29-4S",6.983238,274.2431,1.763841024
2015-12-21 00:00:00,"T29-4S",9.005799,54.41603,2.547770368
2015-12-21 01:00:00,"T29-4S",5.665762,45.86395,1.175894016
2015-12-21 02:00:00,"T29-4S",8.441396,347.5838,2.057814528
2015-12-21 03:00:00,"T29-4S",6.698296,151.2045,1.95982336
2015-12-21 04:00:00,"T29-4S",7.775886,0.7715512,1.95982336
2015-12-21 05:00:00,"T29-4S",9.561284,299.7628,3.91964672
2015-12-21 06:00:00,"T29-4S",7.09978,51.14344,1.371876352
2015-12-21 07:00:00,"T29-4S",9.470867,302.266,2.155805696
2015-12-21 08:00:00,"T29-4S",6.453187,167.8211,0.097991168
2015-12-21 09:00:00,"T29-4S",11.08953,51.78495,0.97991168
2015-12-21 10:00:00,"T29-4S",9.920303,177.2899,0.48995584
2015-12-21 11:00:00,"T29-4S",7.796134,69.72786,2.351788032
2015-12-21 12:00:00,"T29-4S",6.996703,292.2857,0
2015-12-21 13:00:00,"T29-4S",6.096743,95.49679,0.48995584
2015-12-21 14:00:00,"T29-4S",17.81836,284.6764,0.685938176
2015-12-21 15:00:00,"T29-4S",8.91366,5.446371,0.97991168
2015-12-21 16:00:00,"T29-4S",8.14112,339.9767,1.273885184
2015-12-21 17:00:00,"T29-4S",9.928687,10.45929,1.763841024
2015-12-21 18:00:00,"T29-4S",8.270485,339.4305,2.155805696
2015-12-21 19:00:00,"T29-4S",7.123406,340.5033,0.783929344
2015-12-21 20:00:00,"T29-4S",8.049182,64.8298,1.763841024
2015-12-21 21:00:00,"T29-4S",7.289664,276.5469,0
2015-12-21 22:00:00,"T29-4S",8.083442,353.4983,2.4497792
2015-12-21 23:00:00,"T29-4S",8.416474,163.6295,0.783929344
2015-12-22 00:00:00,"T29-4S",6.302974,143.7838,1.567858688
2015-12-22 01:00:00,"T29-4S",4.564487,338.3555,3.331699712
2015-12-22 02:00:00,"T29-4S",7.306596,304.5157,0.881920512
2015-12-22 03:00:00,"T29-4S",5.932626,9.243443,2.4497792
2015-12-22 04:00:00,"T29-4S",8.439156,310.4215,0.587947008
2015-12-22 05:00:00,"T29-4S",8.336479,122.8305,3.723664384
2015-12-22 06:00:00,"T29-4S",8.680796,3.701712,4.213620224
2015-12-22 07:00:00,"T29-4S",10.87232,269.2475,2.645761536
2015-12-22 08:00:00,"T29-4S",11.08755,202.1898,2.743752704
2015-12-22 09:00:00,"T29-4S",11.87879,152.1039,1.567858688
2015-12-22 10:00:00,"T29-4S",10.52977,1.820514,1.175894016
2015-12-22 11:00:00,"T29-4S",11.01035,125.8257,2.841743872
2015-12-22 12:00:00,"T29-4S",6.927326,54.84299,1.077902848
2015-12-22 13:00:00,"T29-4S",7.364361,75.6662,1.665849856
2015-12-22 14:00:00,"T29-4S",28.19567,139.0981,1.763841024
2015-12-22 15:00:00,"T29-4S",4.294819,77.82481,1.95982336
2015-12-22 16:00:00,"T29-4S",12.02566,306.256,3.233708544
2015-12-22 17:00:00,"T29-4S",2.292717,260.767,3.821655552
2015-12-22 18:00:00,"T29-4S",31.57816,319.1014,8.133266944
2015-12-22 19:00:00,"T29-4S",29.49393,307.7384,5.781478912
2015-12-22 20:00:00,"T29-4S",28.72622,81.46367,2.743752704
2015-12-22 21:00:00,"T29-4S",23.21097,80.19147,2.4497792
2015-12-22 22:00:00,"T29-4S",10.85639,80.6076,0.587947008
2015-12-22 23:00:00,"T29-4S",19.94733,19.99965,2.057814528
2015-12-23 00:00:00,"T29-4S",15.39013,175.0208,0.783929344
2015-12-23 01:00:00,"T29-4S",17.59194,47.30736,0.685938176
2015-12-23 02:00:00,"T29-4S",11.97024,80.20014,1.861832192
2015-12-23 03:00:00,"T29-4S",15.36922,169.5961,0.48995584
2015-12-23 04:00:00,"T29-4S",10.29652,337.2394,4.213620224
2015-12-23 05:00:00,"T29-4S",14.69375,75.87643,2.743752704
2015-12-23 06:00:00,"T29-4S",11.66814,209.5217,0.48995584
2015-12-23 07:00:00,"T29-4S",14.19504,69.15353,3.723664384
2015-12-23 08:00:00,"T29-4S",24.0666,5.294662,3.625673216
2015-12-23 09:00:00,"T29-4S",11.33235,341.2879,5.683487744
2015-12-23 10:00:00,"T29-4S",12.82876,353.0128,4.017637888
2015-12-23 11:00:00,"T29-4S",7.455531,4.692158,3.625673216
2015-12-23 12:00:00,"T29-4S",6.761092,48.04424,2.057814528
2015-12-23 13:00:00,"T29-4S",6.327842,184.9837,4.40960256
2015-12-23 14:00:00,"T29-4S",9.803256,176.8153,2.841743872
2015-12-23 15:00:00,"T29-4S",14.6865,189.8276,3.331699712
2015-12-23 16:00:00,"T29-4S",21.97558,157.3249,4.703576064
2015-12-23 17:00:00,"T29-4S",15.68354,178.2543,3.91964672
2015-12-23 18:00:00,"T29-4S",12.74773,36.11553,2.645761536
2015-12-23 19:00:00,"T29-4S",9.174096,71.33164,0.685938176
2015-12-23 20:00:00,"T29-4S",10.5592,84.62356,0.293973504
2015-12-23 21:00:00,"T29-4S",10.27332,107.8286,1.077902848
2015-12-23 22:00:00,"T29-4S",8.600112,327.2266,3.233708544
2015-12-23 23:00:00,"T29-4S",6.842209,299.0389,2.743752704
2015-12-24 00:00:00,"T29-4S",5.918651,196.8149,1.46986752
2015-12-24 01:00:00,"T29-4S",10.66974,278.2548,1.175894016
2015-12-24 02:00:00,"T29-4S",7.310141,220.5076,0.685938176
2015-12-24 03:00:00,"T29-4S",9.431571,85.74838,0
2015-12-24 04:00:00,"T29-4S",6.780975,110.8021,0
2015-12-24 05:00:00,"T29-4S",6.749497,-0.0195055,2.841743872
2015-12-24 06:00:00,"T29-4S",6.519213,339.1553,3.527682048
2015-12-24 07:00:00,"T29-4S",6.611348,94.5757,0
2015-12-24 08:00:00,"T29-4S",9.284741,13.43929,2.253796864
2015-12-24 09:00:00,"T29-4S",12.74031,315.701,0.685938176
2015-12-24 10:00:00,"T29-4S",10.44337,118.2294,2.93973504
2015-12-24 11:00:00,"T29-4S",21.18224,108.8386,0.881920512
2015-12-24 12:00:00,"T29-4S",21.85667,99.94188,3.233708544
2015-12-24 13:00:00,"T29-4S",6.872545,109.907,2.743752704
2015-12-24 14:00:00,"T29-4S",23.69564,209.1597,10.583046144
2015-12-24 15:00:00,"T29-4S",18.13156,213.5376,11.170993152
2015-12-24 16:00:00,"T29-4S",186.2919,197.6146,9.701125632
2015-12-24 17:00:00,"T29-4S",63.96055,202.2808,12.934834176
2015-12-24 18:00:00,"T29-4S",28.69686,200.4841,9.113178624
2015-12-24 19:00:00,"T29-4S",11.00514,248.6627,7.937284608
2015-12-24 20:00:00,"T29-4S",130.8086,307.76,12.346887168
2015-12-24 21:00:00,"T29-4S",373.9523,293.1201,9.701125632
2015-12-24 22:00:00,"T29-4S",9.363724,-0.01083639,1.665849856
2015-12-24 23:00:00,"T29-4S",5.691406,276.1438,3.42969088
2015-12-25 00:00:00,"T29-4S",7.359926,143.6992,2.645761536
2015-12-25 01:00:00,"T29-4S",4.514092,287.8926,4.115629056
2015-12-25 02:00:00,"T29-4S",3.966905,350.9973,2.841743872
2015-12-25 03:00:00,"T29-4S",3.073922,335.5879,4.213620224
2015-12-25 04:00:00,"T29-4S",4.360817,354.3999,2.841743872
2015-12-25 05:00:00,"T29-4S",5.209218,348.5396,5.87947008
2015-12-25 06:00:00,"T29-4S",5.144643,354.4649,4.40960256
2015-12-25 07:00:00,"T29-4S",5.381411,191.3794,2.841743872
2015-12-25 08:00:00,"T29-4S",5.049153,235.4705,1.567858688
2015-12-25 09:00:00,"T29-4S",9.030322,69.04082,1.763841024
2015-12-25 10:00:00,"T29-4S",20.55309,7.769694,0.48995584
2015-12-25 11:00:00,"T29-4S",2.912797,178.9825,0.783929344
2015-12-25 12:00:00,"T29-4S",2.958697,154.009,2.743752704
2015-12-25 13:00:00,"T29-4S",3.305243,117.7786,1.567858688
2015-12-25 14:00:00,"T29-4S",3.188829,159.4077,3.527682048
2015-12-25 15:00:00,"T29-4S",3.182055,178.5924,3.527682048
2015-12-25 16:00:00,"T29-4S",6.973977,321.9882,9.211169792
2015-12-25 17:00:00,"T29-4S",13.44596,339.294,4.40960256
2015-12-25 18:00:00,"T29-4S",9.978453,322.27,6.075452416
2015-12-25 19:00:00,"T29-4S",8.633165,352.9088,4.605584896
2015-12-25 20:00:00,"T29-4S",9.962009,313.9693,6.663399424
2015-12-25 21:00:00,"T29-4S",51.99537,318.8869,9.897107968
2015-12-25 22:00:00,"T29-4S",11.89728,348.7086,6.663399424
2015-12-25 23:00:00,"T29-4S",6.489978,347.094,10.387063808
2015-12-26 00:00:00,"T29-4S",8.141699,326.2729,7.251346432
2015-12-26 01:00:00,"T29-4S",6.244171,323.1586,9.407152128
2015-12-26 02:00:00,"T29-4S",12.73424,344.3676,9.701125632
2015-12-26 03:00:00,"T29-4S",32.01283,352.6249,14.404701696
2015-12-26 04:00:00,"T29-4S",29.16562,342.4539,12.542869504
2015-12-26 05:00:00,"T29-4S",127.6558,341.3247,12.542869504
2015-12-26 06:00:00,"T29-4S",68.23917,343.5808,10.681037312
2015-12-26 07:00:00,"T29-4S",68.55981,327.038,12.444878336
2015-12-26 08:00:00,"T29-4S",193.8419,346.3441,13.22880768
2015-12-26 09:00:00,"T29-4S",215.8225,341.8969,12.836843008
2015-12-26 10:00:00,"T29-4S",639.5223,342.2935,14.012737024
2015-12-26 11:00:00,"T29-4S",715.3345,342.8895,12.346887168
2015-12-26 12:00:00,"T29-4S",918.4748,350.8846,14.404701696
2015-12-26 13:00:00,"T29-4S",115.285,343.9753,12.248896
2015-12-26 14:00:00,"T29-4S",10.80476,340.9563,12.934834176
2015-12-26 15:00:00,"T29-4S",4.4252,336.4722,8.81920512
2015-12-26 16:00:00,"T29-4S",2.233183,334.4566,11.26898432
2015-12-26 17:00:00,"T29-4S",2.92205,337.2957,4.115629056
2015-12-26 18:00:00,"T29-4S",2.258693,316.0022,6.467417088
2015-12-26 19:00:00,"T29-4S",3.525902,341.4504,7.447328768
2015-12-26 20:00:00,"T29-4S",2.269694,319.2488,9.603134464
2015-12-26 21:00:00,"T29-4S",8.043748,349.5408,6.075452416
2015-12-26 22:00:00,"T29-4S",11.01435,348.7238,4.605584896
2015-12-26 23:00:00,"T29-4S",7.986875,342.8635,4.311611392
2015-12-27 00:00:00,"T29-4S",6.401614,9.878456,4.703576064
2015-12-27 01:00:00,"T29-4S",9.61987,2.884648,2.351788032
2015-12-27 02:00:00,"T29-4S",11.07152,64.11461,2.155805696
2015-12-27 03:00:00,"T29-4S",5.143284,121.8531,0
2015-12-27 04:00:00,"T29-4S",11.66239,197.7013,1.665849856
2015-12-27 05:00:00,"T29-4S",12.26465,27.6263,0.97991168
2015-12-27 06:00:00,"T29-4S",7.457147,342.4755,2.057814528
2015-12-27 07:00:00,"T29-4S",6.499902,297.0212,3.135717376
2015-12-27 08:00:00,"T29-4S",7.239372,193.8154,0
2015-12-27 09:00:00,"T29-4S",13.23611,187.9117,1.077902848
2015-12-27 10:00:00,"T29-4S",13.99825,106.7883,2.351788032
2015-12-27 11:00:00,"T29-4S",3.894988,189.7669,3.527682048
2015-12-27 12:00:00,"T29-4S",4.94308,342.9502,0.881920512
2015-12-27 13:00:00,"T29-4S",5.158068,121.4218,2.841743872
2015-12-27 14:00:00,"T29-4S",5.327073,21.21549,2.841743872
2015-12-27 15:00:00,"T29-4S",4.482455,110.5941,1.95982336
2015-12-27 16:00:00,"T29-4S",14.43822,80.88284,0.587947008
2015-12-27 17:00:00,"T29-4S",14.14159,163.1376,1.95982336
2015-12-27 18:00:00,"T29-4S",6.282384,189.8038,3.91964672
2015-12-27 19:00:00,"T29-4S",8.939376,152.3553,2.93973504
2015-12-27 20:00:00,"T29-4S",5.64513,257.5529,0.97991168
2015-12-27 21:00:00,"T29-4S",10.98632,304.1364,2.351788032
2015-12-27 22:00:00,"T29-4S",6.920628,256.4259,1.175894016
2015-12-27 23:00:00,"T29-4S",11.61981,181.8954,0.391964672
2015-12-28 00:00:00,"T29-4S",7.484811,254.7679,1.861832192
2015-12-28 01:00:00,"T29-4S",6.983411,322.9787,1.273885184
2015-12-28 02:00:00,"T29-4S",5.714186,0.05851652,1.273885184
2015-12-28 03:00:00,"T29-4S",9.052825,38.43018,0.685938176
2015-12-28 04:00:00,"T29-4S",5.337862,314.4786,1.371876352
2015-12-28 05:00:00,"T29-4S",4.638033,296.6939,2.155805696
2015-12-28 06:00:00,"T29-4S",7.251514,135.4137,0.587947008
2015-12-28 07:00:00,"T29-4S",9.467697,297.4135,2.155805696
2015-12-28 08:00:00,"T29-4S",13.17301,73.65496,0.48995584
2015-12-28 09:00:00,"T29-4S",8.103505,199.4005,2.057814528
2015-12-28 10:00:00,"T29-4S",6.910672,194.4136,0.685938176
2015-12-28 11:00:00,"T29-4S",7.792196,92.91123,1.077902848
2015-12-28 12:00:00,"T29-4S",5.735286,126.1464,1.077902848
2015-12-28 13:00:00,"T29-4S",4.013972,281.1654,2.645761536
2015-12-28 14:00:00,"T29-4S",30.87273,287.9815,1.46986752
2015-12-28 15:00:00,"T29-4S",28.25733,327.4888,3.821655552
2015-12-28 16:00:00,"T29-4S",18.35133,325.4732,7.937284608
2015-12-28 17:00:00,"T29-4S",33.00275,329.9075,9.995099136
2015-12-28 18:00:00,"T29-4S",18.91475,316.3706,8.231258112
2015-12-28 19:00:00,"T29-4S",13.81789,332.2698,6.85938176
2015-12-28 20:00:00,"T29-4S",11.97144,336.2034,7.251346432
2015-12-28 21:00:00,"T29-4S",11.76705,351.0514,11.562957824
2015-12-28 22:00:00,"T29-4S",10.76204,334.7275,10.681037312
2015-12-28 23:00:00,"T29-4S",10.90036,340.6724,8.917196288
2015-12-29 00:00:00,"T29-4S",11.67156,340.3256,8.231258112
2015-12-29 01:00:00,"T29-4S",9.706491,343.5418,9.897107968
2015-12-29 02:00:00,"T29-4S",12.15748,341.5089,10.191081472
2015-12-29 03:00:00,"T29-4S",12.16955,351.9205,10.681037312
2015-12-29 04:00:00,"T29-4S",11.86078,347.4494,8.32924928
2015-12-29 05:00:00,"T29-4S",12.43064,339.0101,6.36942592
2015-12-29 06:00:00,"T29-4S",12.4089,325.6878,9.015187456
2015-12-29 07:00:00,"T29-4S",11.85093,335.6638,7.251346432
2015-12-29 08:00:00,"T29-4S",12.3177,348.9579,5.683487744
2015-12-29 09:00:00,"T29-4S",13.86459,331.3401,6.075452416
2015-12-29 10:00:00,"T29-4S",11.41832,339.32,5.487505408
2015-12-29 11:00:00,"T29-4S",11.51997,342.131,4.703576064
2015-12-29 12:00:00,"T29-4S",8.825603,330.614,4.997549568
2015-12-29 13:00:00,"T29-4S",9.065066,336.7214,3.42969088
2015-12-29 14:00:00,"T29-4S",11.82993,352.6097,1.273885184
2015-12-29 15:00:00,"T29-4S",11.10496,318.4209,1.371876352
2015-12-29 16:00:00,"T29-4S",10.71298,302.3917,1.46986752
2015-12-29 17:00:00,"T29-4S",15.13964,187.1423,1.861832192
2015-12-29 18:00:00,"T29-4S",13.13666,46.35592,0.783929344
2015-12-29 19:00:00,"T29-4S",17.11009,161.3105,2.841743872
2015-12-29 20:00:00,"T29-4S",9.737109,215.1328,2.155805696
2015-12-29 21:00:00,"T29-4S",13.59857,174.6241,0.97991168
2015-12-29 22:00:00,"T29-4S",12.10239,338.6026,1.371876352
2015-12-29 23:00:00,"T29-4S",13.26388,329.3332,1.665849856
2015-12-30 00:00:00,"T29-4S",11.69126,0.08669114,1.46986752
2015-12-30 01:00:00,"T29-4S",11.36991,337.5818,2.253796864
2015-12-30 02:00:00,"T29-4S",11.40772,346.7299,1.175894016
2015-12-30 03:00:00,"T29-4S",10.82907,1.460746,2.253796864
2015-12-30 04:00:00,"T29-4S",10.15038,307.9378,2.253796864
2015-12-30 05:00:00,"T29-4S",12.09051,333.3231,2.253796864
2015-12-30 06:00:00,"T29-4S",12.80922,324.7754,2.645761536
2015-12-30 07:00:00,"T29-4S",15.30115,353.7259,1.371876352
2015-12-30 08:00:00,"T29-4S",14.07467,228.0497,0.587947008
2015-12-30 09:00:00,"T29-4S",14.76399,109.4953,0.97991168
2015-12-30 10:00:00,"T29-4S",14.33605,106.7558,0.587947008
2015-12-30 11:00:00,"T29-4S",12.23733,97.27613,0.97991168
2015-12-30 12:00:00,"T29-4S",11.04262,62.53249,0.195982336
2015-12-30 13:00:00,"T29-4S",9.963827,192.1704,1.175894016
2015-12-30 14:00:00,"T29-4S",13.70471,155.9422,0.881920512
2015-12-30 15:00:00,"T29-4S",16.89479,115.9321,1.861832192
2015-12-30 16:00:00,"T29-4S",15.96876,154.605,1.371876352
2015-12-30 17:00:00,"T29-4S",102.244,69.33775,1.763841024
2015-12-30 18:00:00,"T29-4S",18.54929,15.55672,0.391964672
2015-12-30 19:00:00,"T29-4S",15.51743,122.642,1.273885184
2015-12-30 20:00:00,"T29-4S",12.95955,12.37083,1.665849856
2015-12-30 21:00:00,"T29-4S",11.81433,269.0308,0.293973504
2015-12-30 22:00:00,"T29-4S",12.80603,323.1174,3.135717376
2015-12-30 23:00:00,"T29-4S",12.803,130.6284,0.48995584
2015-12-31 00:00:00,"T29-4S",10.69152,233.6175,1.371876352
2015-12-31 01:00:00,"T29-4S",9.112256,112.3149,1.46986752
2015-12-31 02:00:00,"T29-4S",14.41909,163.3998,1.95982336
2015-12-31 03:00:00,"T29-4S",14.05419,19.13924,1.077902848
2015-12-31 04:00:00,"T29-4S",8.743979,233.5221,1.273885184
2015-12-31 05:00:00,"T29-4S",10.78052,315.5623,0
2015-12-31 06:00:00,"T29-4S",12.90102,173.9913,1.371876352
2015-12-31 07:00:00,"T29-4S",9.874628,280.0189,0.48995584
2015-12-31 08:00:00,"T29-4S",13.04364,323.2388,1.567858688
2015-12-31 09:00:00,"T29-4S",12.84374,240.984,1.567858688
2015-12-31 10:00:00,"T29-4S",11.20652,354.0965,1.175894016
2015-12-31 11:00:00,"T29-4S",22.28798,120.4118,1.077902848
2015-12-31 12:00:00,"T29-4S",10.11608,132.5139,2.057814528
2015-12-31 13:00:00,"T29-4S",6.520082,100.4577,1.861832192
2015-12-31 14:00:00,"T29-4S",6.94347,118.7517,0.587947008
2015-12-31 15:00:00,"T29-4S",8.903086,170.166,2.057814528
2015-12-31 16:00:00,"T29-4S",13.90435,187.3807,2.645761536
2015-12-31 17:00:00,"T29-4S",11.34601,175.6926,0.587947008
2015-12-31 18:00:00,"T29-4S",10.49729,116.5302,1.273885184
2015-12-31 19:00:00,"T29-4S",8.017855,151.4234,1.175894016
2015-12-31 20:00:00,"T29-4S",12.43367,337.8809,2.645761536
2015-12-31 21:00:00,"T29-4S",9.110384,303.8698,2.253796864
2015-12-31 22:00:00,"T29-4S",11.16135,51.7026,1.95982336
2015-12-31 23:00:00,"T29-4S",9.458598,289.8627,2.841743872
